uid,source_uid,variant_type,archetype,study_day,weekday,hr,slot,weather,temp,loc,avail,steps30pre,send,steps10
1000,1,twin,high_activity,1,0,10,1,cloudy,mild,work,True,0,2,97
1000,1,twin,high_activity,1,0,14,2,cloudy,warm,dining,True,737,0,578
1000,1,twin,high_activity,1,0,16,3,cloudy,warm,work,True,1297,2,0
1000,1,twin,high_activity,1,0,19,4,clear,warm,work,True,95,0,261
1000,1,twin,high_activity,1,0,21,5,clear,warm,home,True,748,2,701
1000,1,twin,high_activity,2,1,10,1,clear,hot,home,True,0,0,0
1000,1,twin,high_activity,2,1,14,2,clear,hot,dining,True,57,0,596
1000,1,twin,high_activity,2,1,16,3,clear,hot,work,True,617,0,360
1000,1,twin,high_activity,2,1,19,4,clear,hot,home,True,353,1,300
1000,1,twin,high_activity,2,1,21,5,clear,hot,dining,True,0,0,192
1000,1,twin,high_activity,3,2,10,1,cloudy,hot,home,True,0,0,0
1000,1,twin,high_activity,3,2,14,2,cloudy,warm,home,True,256,0,514
1000,1,twin,high_activity,3,2,16,3,cloudy,warm,home,True,0,1,0
1000,1,twin,high_activity,3,2,19,4,cloudy,warm,dining,True,79,1,154
1000,1,twin,high_activity,3,2,21,5,clear,warm,home,True,855,0,389
1000,1,twin,high_activity,4,3,10,1,clear,hot,home,True,0,2,0
1000,1,twin,high_activity,4,3,14,2,clear,hot,work,True,34,0,0
1000,1,twin,high_activity,4,3,16,3,clear,warm,work,True,174,0,210
1000,1,twin,high_activity,4,3,19,4,clear,warm,work,True,83,0,278
1000,1,twin,high_activity,4,3,21,5,cloudy,hot,home,True,444,0,398
1000,1,twin,high_activity,5,4,10,1,cloudy,hot,activity,False,250,0,103
1000,1,twin,high_activity,5,4,14,2,cloudy,hot,home,True,267,0,422
1000,1,twin,high_activity,5,4,16,3,clear,hot,home,True,1836,0,302
1000,1,twin,high_activity,5,4,19,4,cloudy,hot,home,True,0,0,161
1000,1,twin,high_activity,5,4,21,5,cloudy,hot,work,True,0,2,310
1000,1,twin,high_activity,6,5,10,1,cloudy,cool,home,True,0,1,225
1000,1,twin,high_activity,6,5,14,2,cloudy,cool,home,True,30,1,157
1000,1,twin,high_activity,6,5,16,3,cloudy,hot,home,True,347,2,503
1000,1,twin,high_activity,6,5,19,4,cloudy,hot,shopping,True,79,1,122
1000,1,twin,high_activity,6,5,21,5,cloudy,hot,dining,True,3671,0,465
1000,1,twin,high_activity,7,6,10,1,clear,warm,home,True,47,0,0
1000,1,twin,high_activity,7,6,14,2,clear,warm,home,True,624,0,626
1000,1,twin,high_activity,7,6,16,3,cloudy,mild,home,True,4599,1,0
1000,1,twin,high_activity,7,6,19,4,cloudy,mild,dining,True,345,2,397
1000,1,twin,high_activity,7,6,21,5,cloudy,hot,shopping,True,218,1,244
1000,1,twin,high_activity,8,0,10,1,cloudy,hot,home,True,0,1,0
1000,1,twin,high_activity,8,0,14,2,cloudy,hot,home,True,88,2,184
1000,1,twin,high_activity,8,0,16,3,cloudy,hot,work,True,142,0,210
1000,1,twin,high_activity,8,0,19,4,cloudy,hot,home,True,511,0,262
1000,1,twin,high_activity,8,0,21,5,bad,hot,work,True,92,0,512
1000,1,twin,high_activity,9,1,10,1,clear,warm,work,True,0,1,105
1000,1,twin,high_activity,9,1,14,2,clear,warm,dining,True,14,1,254
1000,1,twin,high_activity,9,1,16,3,clear,warm,work,True,325,0,0
1000,1,twin,high_activity,9,1,19,4,cloudy,warm,home,True,58,2,135
1000,1,twin,high_activity,9,1,21,5,bad,warm,shopping,False,0,0,277
1000,1,twin,high_activity,10,2,10,1,clear,hot,home,True,0,0,0
1000,1,twin,high_activity,10,2,14,2,clear,hot,dining,False,0,0,236
1000,1,twin,high_activity,10,2,16,3,cloudy,warm,other,True,268,2,0
1000,1,twin,high_activity,10,2,19,4,clear,warm,work,True,366,0,0
1000,1,twin,high_activity,10,2,21,5,cloudy,warm,work,True,0,2,343
1000,1,twin,high_activity,11,3,10,1,clear,warm,home,True,0,2,56
1000,1,twin,high_activity,11,3,14,2,clear,warm,home,False,461,0,192
1000,1,twin,high_activity,11,3,16,3,clear,mild,shopping,True,845,0,321
1000,1,twin,high_activity,11,3,19,4,cloudy,warm,service,True,1170,1,558
1000,1,twin,high_activity,11,3,21,5,bad,warm,service,True,4333,0,0
1000,1,twin,high_activity,12,4,10,1,cloudy,hot,work,True,0,0,81
1000,1,twin,high_activity,12,4,14,2,clear,hot,work,True,35,2,122
1000,1,twin,high_activity,12,4,16,3,clear,hot,work,True,221,1,212
1000,1,twin,high_activity,12,4,19,4,cloudy,hot,work,True,321,1,0
1000,1,twin,high_activity,12,4,21,5,cloudy,warm,home,True,162,2,0
1000,1,twin,high_activity,13,5,10,1,clear,warm,home,True,0,0,58
1000,1,twin,high_activity,13,5,14,2,cloudy,warm,home,True,93,0,0
1000,1,twin,high_activity,13,5,16,3,clear,warm,dining,True,53,2,0
1000,1,twin,high_activity,13,5,19,4,clear,mild,shopping,True,1668,0,261
1000,1,twin,high_activity,13,5,21,5,clear,warm,shopping,True,8,0,134
1000,1,twin,high_activity,14,6,10,1,clear,hot,service,True,0,1,0
1000,1,twin,high_activity,14,6,14,2,clear,hot,service,True,92,2,0
1000,1,twin,high_activity,14,6,16,3,clear,warm,service,True,236,0,0
1000,1,twin,high_activity,14,6,19,4,cloudy,warm,dining,True,155,2,181
1000,1,twin,high_activity,14,6,21,5,cloudy,warm,shopping,False,8,0,121
1000,1,twin,high_activity,15,0,10,1,cloudy,mild,home,True,0,2,34
1000,1,twin,high_activity,15,0,14,2,cloudy,hot,home,True,22,1,115
1000,1,twin,high_activity,15,0,16,3,bad,hot,dining,True,0,2,154
1000,1,twin,high_activity,15,0,19,4,cloudy,hot,home,True,241,2,226
1000,1,twin,high_activity,15,0,21,5,cloudy,warm,home,True,134,1,148
1000,1,twin,high_activity,16,1,10,1,cloudy,cool,work,True,0,0,58
1000,1,twin,high_activity,16,1,14,2,cloudy,warm,home,True,28,0,279
1000,1,twin,high_activity,16,1,16,3,bad,warm,home,True,0,2,157
1000,1,twin,high_activity,16,1,19,4,cloudy,hot,work,True,1938,0,0
1000,1,twin,high_activity,16,1,21,5,cloudy,hot,home,True,248,0,350
1000,1,twin,high_activity,17,2,10,1,cloudy,cool,home,True,0,1,0
1000,1,twin,high_activity,17,2,14,2,cloudy,cool,shopping,True,264,2,229
1000,1,twin,high_activity,17,2,16,3,bad,hot,service,True,116,1,0
1000,1,twin,high_activity,17,2,19,4,bad,hot,work,True,6,0,0
1000,1,twin,high_activity,17,2,21,5,cloudy,hot,home,True,0,0,0
1000,1,twin,high_activity,18,3,10,1,cloudy,warm,home,True,0,0,54
1000,1,twin,high_activity,18,3,14,2,cloudy,warm,home,True,86,0,0
1000,1,twin,high_activity,18,3,16,3,cloudy,warm,home,True,669,1,198
1000,1,twin,high_activity,18,3,19,4,clear,warm,shopping,True,0,0,0
1000,1,twin,high_activity,18,3,21,5,clear,warm,service,True,293,1,0
1000,1,twin,high_activity,19,4,10,1,clear,warm,shopping,True,0,2,0
1000,1,twin,high_activity,19,4,14,2,clear,warm,service,True,361,0,0
1000,1,twin,high_activity,19,4,16,3,clear,warm,service,True,2708,2,517
1000,1,twin,high_activity,19,4,19,4,clear,warm,home,True,26,0,148
1000,1,twin,high_activity,19,4,21,5,clear,hot,shopping,True,53,0,305
1000,1,twin,high_activity,20,5,10,1,clear,mild,home,True,0,2,0
1000,1,twin,high_activity,20,5,14,2,clear,warm,home,True,709,2,320
1000,1,twin,high_activity,20,5,16,3,clear,warm,home,True,88,0,224
1000,1,twin,high_activity,20,5,19,4,cloudy,warm,home,True,272,1,226
1000,1,twin,high_activity,20,5,21,5,cloudy,warm,home,True,452,0,446
1000,1,twin,high_activity,21,6,10,1,clear,warm,home,True,0,2,0
1000,1,twin,high_activity,21,6,14,2,cloudy,warm,home,True,494,1,302
1000,1,twin,high_activity,21,6,16,3,clear,warm,home,True,0,1,0
1000,1,twin,high_activity,21,6,19,4,clear,warm,home,True,63,0,196
1000,1,twin,high_activity,21,6,21,5,clear,mild,home,True,278,0,0
1000,1,twin,high_activity,22,0,10,1,clear,cool,shopping,False,5,0,0
1000,1,twin,high_activity,22,0,14,2,clear,warm,shopping,True,43,0,0
1000,1,twin,high_activity,22,0,16,3,cloudy,warm,service,True,24,2,116
1000,1,twin,high_activity,22,0,19,4,bad,warm,activity,False,190,0,0
1000,1,twin,high_activity,22,0,21,5,cloudy,warm,home,True,2050,0,0
1000,1,twin,high_activity,23,1,10,1,clear,cool,work,True,0,1,0
1000,1,twin,high_activity,23,1,14,2,clear,cool,service,True,1571,1,0
1000,1,twin,high_activity,23,1,16,3,clear,cool,activity,True,448,1,498
1000,1,twin,high_activity,23,1,19,4,cloudy,hot,home,True,331,0,0
1000,1,twin,high_activity,23,1,21,5,cloudy,hot,dining,False,2666,0,532
1000,1,twin,high_activity,24,2,10,1,cloudy,cold,home,True,0,0,0
1000,1,twin,high_activity,24,2,14,2,cloudy,warm,home,True,714,1,331
1000,1,twin,high_activity,24,2,16,3,cloudy,warm,work,True,550,2,424
1000,1,twin,high_activity,24,2,19,4,cloudy,warm,home,True,2330,1,670
1000,1,twin,high_activity,24,2,21,5,cloudy,hot,home,True,88,1,0
1000,1,twin,high_activity,25,3,10,1,clear,hot,work,True,0,0,198
1000,1,twin,high_activity,25,3,14,2,clear,hot,home,True,88,1,386
1000,1,twin,high_activity,25,3,16,3,clear,hot,shopping,True,231,0,230
1000,1,twin,high_activity,25,3,19,4,clear,warm,shopping,True,719,2,154
1000,1,twin,high_activity,25,3,21,5,clear,warm,service,False,73,0,473
1000,1,twin,high_activity,26,4,10,1,bad,mild,work,True,0,1,0
1000,1,twin,high_activity,26,4,14,2,cloudy,warm,work,True,1186,2,0
1000,1,twin,high_activity,26,4,16,3,cloudy,warm,work,True,0,0,0
1000,1,twin,high_activity,26,4,19,4,clear,warm,home,False,73,0,0
1000,1,twin,high_activity,26,4,21,5,cloudy,warm,shopping,False,33,0,0
1000,1,twin,high_activity,27,5,10,1,clear,hot,service,False,0,0,26
1000,1,twin,high_activity,27,5,14,2,clear,hot,service,True,741,0,695
1000,1,twin,high_activity,27,5,16,3,cloudy,hot,service,True,744,2,490
1000,1,twin,high_activity,27,5,19,4,clear,hot,dining,True,286,0,0
1000,1,twin,high_activity,27,5,21,5,cloudy,warm,shopping,True,220,2,185
1000,1,twin,high_activity,28,6,10,1,clear,warm,home,True,0,2,119
1000,1,twin,high_activity,28,6,14,2,clear,warm,home,True,146,0,0
1000,1,twin,high_activity,28,6,16,3,cloudy,warm,service,True,0,1,0
1000,1,twin,high_activity,28,6,19,4,bad,hot,dining,True,101,2,206
1000,1,twin,high_activity,28,6,21,5,bad,hot,home,True,0,1,0
1000,1,twin,high_activity,29,0,10,1,clear,mild,work,True,0,1,0
1000,1,twin,high_activity,29,0,14,2,clear,mild,home,True,90,0,451
1000,1,twin,high_activity,29,0,16,3,clear,hot,home,True,3792,1,0
1000,1,twin,high_activity,29,0,19,4,clear,hot,home,True,67,0,0
1000,1,twin,high_activity,29,0,21,5,clear,hot,home,True,90,0,0
1000,1,twin,high_activity,30,1,10,1,cloudy,mild,work,True,0,2,0
1000,1,twin,high_activity,30,1,14,2,cloudy,hot,work,False,64,0,144
1000,1,twin,high_activity,30,1,16,3,bad,hot,home,True,228,0,0
1000,1,twin,high_activity,30,1,19,4,cloudy,hot,home,True,189,2,312
1000,1,twin,high_activity,30,1,21,5,cloudy,hot,work,True,88,0,430
1000,1,twin,high_activity,31,2,10,1,cloudy,mild,home,True,0,2,0
1000,1,twin,high_activity,31,2,14,2,cloudy,warm,work,True,0,0,198
1000,1,twin,high_activity,31,2,16,3,clear,mild,work,True,160,2,171
1000,1,twin,high_activity,31,2,19,4,clear,hot,home,True,3158,0,0
1000,1,twin,high_activity,31,2,21,5,clear,hot,service,True,97,1,298
1000,1,twin,high_activity,32,3,10,1,cloudy,mild,home,False,0,0,25
1000,1,twin,high_activity,32,3,14,2,cloudy,warm,home,True,54,0,158
1000,1,twin,high_activity,32,3,16,3,cloudy,warm,work,True,0,0,81
1000,1,twin,high_activity,32,3,19,4,cloudy,warm,home,True,504,0,263
1000,1,twin,high_activity,32,3,21,5,cloudy,hot,home,True,5000,1,533
1000,1,twin,high_activity,33,4,10,1,clear,cold,service,True,0,0,237
1000,1,twin,high_activity,33,4,14,2,cloudy,warm,home,True,0,0,147
1000,1,twin,high_activity,33,4,16,3,cloudy,warm,home,False,0,0,0
1000,1,twin,high_activity,33,4,19,4,clear,hot,home,True,692,2,457
1000,1,twin,high_activity,33,4,21,5,clear,hot,work,False,388,0,645
1000,1,twin,high_activity,34,5,10,1,cloudy,hot,home,True,0,0,105
1000,1,twin,high_activity,34,5,14,2,cloudy,hot,home,False,9,0,0
1000,1,twin,high_activity,34,5,16,3,cloudy,hot,home,True,0,0,0
1000,1,twin,high_activity,34,5,19,4,cloudy,hot,home,True,93,2,229
1000,1,twin,high_activity,34,5,21,5,clear,warm,home,True,265,1,0
1000,1,twin,high_activity,35,6,10,1,clear,hot,home,True,0,0,130
1000,1,twin,high_activity,35,6,14,2,clear,hot,home,False,76,0,111
1000,1,twin,high_activity,35,6,16,3,clear,warm,home,True,178,2,354
1000,1,twin,high_activity,35,6,19,4,clear,mild,dining,True,97,1,275
1000,1,twin,high_activity,35,6,21,5,clear,warm,shopping,True,73,2,126
1001,1,twin,high_activity,1,0,10,1,cloudy,warm,dining,True,0,2,0
1001,1,twin,high_activity,1,0,14,2,cloudy,hot,work,True,80,0,0
1001,1,twin,high_activity,1,0,16,3,cloudy,hot,work,True,21,2,0
1001,1,twin,high_activity,1,0,19,4,cloudy,warm,home,True,286,1,218
1001,1,twin,high_activity,1,0,21,5,cloudy,warm,home,True,146,1,0
1001,1,twin,high_activity,2,1,10,1,cloudy,hot,dining,True,0,0,0
1001,1,twin,high_activity,2,1,14,2,clear,warm,work,True,21,2,141
1001,1,twin,high_activity,2,1,16,3,clear,cold,home,True,323,2,128
1001,1,twin,high_activity,2,1,19,4,clear,warm,shopping,False,99,0,247
1001,1,twin,high_activity,2,1,21,5,clear,warm,shopping,False,400,0,424
1001,1,twin,high_activity,3,2,10,1,clear,hot,home,True,224,2,225
1001,1,twin,high_activity,3,2,14,2,cloudy,hot,home,True,422,2,0
1001,1,twin,high_activity,3,2,16,3,cloudy,hot,work,True,162,1,303
1001,1,twin,high_activity,3,2,19,4,cloudy,hot,home,True,25,1,132
1001,1,twin,high_activity,3,2,21,5,cloudy,hot,work,False,889,0,906
1001,1,twin,high_activity,4,3,10,1,cloudy,warm,home,True,0,0,0
1001,1,twin,high_activity,4,3,14,2,cloudy,mild,home,True,17,0,186
1001,1,twin,high_activity,4,3,16,3,cloudy,hot,home,True,0,1,204
1001,1,twin,high_activity,4,3,19,4,cloudy,hot,dining,True,5000,0,623
1001,1,twin,high_activity,4,3,21,5,cloudy,warm,home,True,174,2,0
1001,1,twin,high_activity,5,4,10,1,cloudy,warm,work,True,0,0,156
1001,1,twin,high_activity,5,4,14,2,clear,warm,home,True,211,0,439
1001,1,twin,high_activity,5,4,16,3,clear,hot,service,True,672,2,521
1001,1,twin,high_activity,5,4,19,4,cloudy,warm,activity,False,96,0,239
1001,1,twin,high_activity,5,4,21,5,cloudy,cold,home,True,195,1,143
1001,1,twin,high_activity,6,5,10,1,cloudy,warm,dining,True,0,0,0
1001,1,twin,high_activity,6,5,14,2,cloudy,warm,home,True,183,1,0
1001,1,twin,high_activity,6,5,16,3,clear,warm,home,False,323,0,205
1001,1,twin,high_activity,6,5,19,4,cloudy,warm,home,True,95,1,252
1001,1,twin,high_activity,6,5,21,5,cloudy,warm,shopping,True,446,1,215
1001,1,twin,high_activity,7,6,10,1,cloudy,warm,shopping,True,0,0,0
1001,1,twin,high_activity,7,6,14,2,bad,warm,service,True,157,0,260
1001,1,twin,high_activity,7,6,16,3,cloudy,warm,service,True,297,0,0
1001,1,twin,high_activity,7,6,19,4,cloudy,hot,dining,True,315,1,340
1001,1,twin,high_activity,7,6,21,5,cloudy,hot,shopping,True,0,2,288
1001,1,twin,high_activity,8,0,10,1,clear,hot,home,True,0,1,0
1001,1,twin,high_activity,8,0,14,2,clear,warm,work,True,299,0,260
1001,1,twin,high_activity,8,0,16,3,clear,warm,dining,True,943,2,537
1001,1,twin,high_activity,8,0,19,4,clear,warm,home,True,239,0,199
1001,1,twin,high_activity,8,0,21,5,cloudy,warm,home,True,0,0,0
1001,1,twin,high_activity,9,1,10,1,clear,warm,work,True,0,1,162
1001,1,twin,high_activity,9,1,14,2,clear,warm,dining,True,0,2,0
1001,1,twin,high_activity,9,1,16,3,cloudy,warm,work,True,309,2,650
1001,1,twin,high_activity,9,1,19,4,clear,warm,home,True,802,0,0
1001,1,twin,high_activity,9,1,21,5,clear,warm,dining,True,80,2,0
1001,1,twin,high_activity,10,2,10,1,cloudy,cool,home,True,0,0,112
1001,1,twin,high_activity,10,2,14,2,bad,hot,home,True,89,0,0
1001,1,twin,high_activity,10,2,16,3,bad,hot,home,True,34,2,0
1001,1,twin,high_activity,10,2,19,4,cloudy,hot,home,True,694,0,183
1001,1,twin,high_activity,10,2,21,5,clear,warm,home,True,87,1,183
1001,1,twin,high_activity,11,3,10,1,cloudy,warm,home,True,0,0,63
1001,1,twin,high_activity,11,3,14,2,cloudy,hot,work,True,955,0,0
1001,1,twin,high_activity,11,3,16,3,cloudy,hot,home,True,1752,1,498
1001,1,twin,high_activity,11,3,19,4,cloudy,hot,work,True,32,1,0
1001,1,twin,high_activity,11,3,21,5,cloudy,warm,work,True,0,0,127
1001,1,twin,high_activity,12,4,10,1,cloudy,warm,home,True,0,0,125
1001,1,twin,high_activity,12,4,14,2,clear,warm,home,True,50,0,308
1001,1,twin,high_activity,12,4,16,3,clear,warm,home,True,596,0,200
1001,1,twin,high_activity,12,4,19,4,clear,warm,home,True,2211,0,0
1001,1,twin,high_activity,12,4,21,5,clear,warm,shopping,True,30,1,0
1001,1,twin,high_activity,13,5,10,1,clear,warm,home,True,0,1,150
1001,1,twin,high_activity,13,5,14,2,clear,warm,home,True,142,0,239
1001,1,twin,high_activity,13,5,16,3,clear,hot,dining,True,93,0,182
1001,1,twin,high_activity,13,5,19,4,clear,warm,shopping,True,673,2,143
1001,1,twin,high_activity,13,5,21,5,clear,warm,shopping,True,469,0,318
1001,1,twin,high_activity,14,6,10,1,cloudy,warm,dining,True,0,0,51
1001,1,twin,high_activity,14,6,14,2,cloudy,warm,shopping,True,0,2,81
1001,1,twin,high_activity,14,6,16,3,cloudy,warm,shopping,True,39,1,75
1001,1,twin,high_activity,14,6,19,4,cloudy,warm,shopping,True,2120,2,0
1001,1,twin,high_activity,14,6,21,5,cloudy,warm,shopping,True,0,1,63
1001,1,twin,high_activity,15,0,10,1,cloudy,warm,home,True,0,0,0
1001,1,twin,high_activity,15,0,14,2,cloudy,hot,home,True,72,2,204
1001,1,twin,high_activity,15,0,16,3,clear,hot,shopping,True,0,1,56
1001,1,twin,high_activity,15,0,19,4,clear,hot,shopping,False,80,0,122
1001,1,twin,high_activity,15,0,21,5,clear,hot,service,True,0,1,220
1001,1,twin,high_activity,16,1,10,1,clear,warm,home,True,0,2,0
1001,1,twin,high_activity,16,1,14,2,clear,mild,home,True,17,2,0
1001,1,twin,high_activity,16,1,16,3,clear,warm,dining,True,283,0,0
1001,1,twin,high_activity,16,1,19,4,cloudy,warm,home,True,1608,1,646
1001,1,twin,high_activity,16,1,21,5,cloudy,hot,work,True,0,0,0
1001,1,twin,high_activity,17,2,10,1,cloudy,warm,work,True,0,0,158
1001,1,twin,high_activity,17,2,14,2,clear,warm,work,True,71,1,0
1001,1,twin,high_activity,17,2,16,3,clear,warm,service,False,58,0,0
1001,1,twin,high_activity,17,2,19,4,clear,warm,service,True,193,0,0
1001,1,twin,high_activity,17,2,21,5,clear,warm,activity,False,626,0,520
1001,1,twin,high_activity,18,3,10,1,cloudy,mild,home,True,0,2,0
1001,1,twin,high_activity,18,3,14,2,cloudy,warm,home,True,292,0,417
1001,1,twin,high_activity,18,3,16,3,cloudy,warm,dining,True,73,2,200
1001,1,twin,high_activity,18,3,19,4,cloudy,warm,home,True,222,1,0
1001,1,twin,high_activity,18,3,21,5,cloudy,warm,dining,True,509,0,600
1001,1,twin,high_activity,19,4,10,1,cloudy,warm,service,True,0,0,58
1001,1,twin,high_activity,19,4,14,2,clear,hot,activity,True,1464,0,0
1001,1,twin,high_activity,19,4,16,3,clear,hot,home,True,17,0,237
1001,1,twin,high_activity,19,4,19,4,cloudy,hot,shopping,False,545,0,212
1001,1,twin,high_activity,19,4,21,5,cloudy,hot,service,True,0,2,0
1001,1,twin,high_activity,20,5,10,1,clear,warm,home,True,0,0,0
1001,1,twin,high_activity,20,5,14,2,cloudy,warm,home,True,252,0,0
1001,1,twin,high_activity,20,5,16,3,clear,hot,service,True,0,2,0
1001,1,twin,high_activity,20,5,19,4,cloudy,hot,service,True,109,0,357
1001,1,twin,high_activity,20,5,21,5,cloudy,warm,dining,True,726,0,0
1001,1,twin,high_activity,21,6,10,1,cloudy,hot,home,True,0,2,0
1001,1,twin,high_activity,21,6,14,2,clear,hot,home,True,95,0,146
1001,1,twin,high_activity,21,6,16,3,clear,hot,home,True,281,0,209
1001,1,twin,high_activity,21,6,19,4,clear,warm,service,True,270,2,0
1001,1,twin,high_activity,21,6,21,5,cloudy,warm,service,True,0,0,188
1001,1,twin,high_activity,22,0,10,1,cloudy,mild,work,True,0,0,49
1001,1,twin,high_activity,22,0,14,2,clear,mild,work,True,67,2,0
1001,1,twin,high_activity,22,0,16,3,clear,cold,home,True,150,0,112
1001,1,twin,high_activity,22,0,19,4,cloudy,warm,home,True,126,1,173
1001,1,twin,high_activity,22,0,21,5,cloudy,warm,work,True,26,0,236
1001,1,twin,high_activity,23,1,10,1,clear,warm,home,True,0,2,0
1001,1,twin,high_activity,23,1,14,2,clear,hot,activity,True,0,0,318
1001,1,twin,high_activity,23,1,16,3,clear,hot,home,True,73,1,132
1001,1,twin,high_activity,23,1,19,4,clear,hot,shopping,True,7,1,65
1001,1,twin,high_activity,23,1,21,5,clear,hot,service,True,223,1,534
1001,1,twin,high_activity,24,2,10,1,clear,warm,service,True,0,1,212
1001,1,twin,high_activity,24,2,14,2,cloudy,warm,work,True,290,0,427
1001,1,twin,high_activity,24,2,16,3,clear,warm,home,True,128,2,172
1001,1,twin,high_activity,24,2,19,4,clear,warm,home,True,141,0,173
1001,1,twin,high_activity,24,2,21,5,clear,warm,activity,True,0,2,263
1001,1,twin,high_activity,25,3,10,1,clear,hot,work,True,0,2,21
1001,1,twin,high_activity,25,3,14,2,clear,warm,home,True,518,0,0
1001,1,twin,high_activity,25,3,16,3,clear,warm,work,True,26,1,108
1001,1,twin,high_activity,25,3,19,4,clear,hot,home,True,219,0,178
1001,1,twin,high_activity,25,3,21,5,cloudy,hot,shopping,True,2508,1,487
1001,1,twin,high_activity,26,4,10,1,cloudy,warm,home,True,0,2,13
1001,1,twin,high_activity,26,4,14,2,cloudy,warm,work,True,0,2,0
1001,1,twin,high_activity,26,4,16,3,cloudy,hot,work,True,0,0,134
1001,1,twin,high_activity,26,4,19,4,cloudy,hot,work,True,392,1,213
1001,1,twin,high_activity,26,4,21,5,cloudy,warm,home,True,20,1,0
1001,1,twin,high_activity,27,5,10,1,clear,warm,shopping,True,0,0,0
1001,1,twin,high_activity,27,5,14,2,clear,warm,service,True,121,0,177
1001,1,twin,high_activity,27,5,16,3,clear,mild,service,False,882,0,0
1001,1,twin,high_activity,27,5,19,4,cloudy,hot,dining,False,773,0,243
1001,1,twin,high_activity,27,5,21,5,cloudy,hot,home,True,70,0,0
1001,1,twin,high_activity,28,6,10,1,cloudy,warm,shopping,True,0,0,50
1001,1,twin,high_activity,28,6,14,2,clear,warm,service,False,123,0,0
1001,1,twin,high_activity,28,6,16,3,cloudy,warm,other,True,508,0,246
1001,1,twin,high_activity,28,6,19,4,clear,warm,home,True,2125,2,407
1001,1,twin,high_activity,28,6,21,5,clear,warm,service,True,59,0,214
1001,1,twin,high_activity,29,0,10,1,clear,cool,work,True,0,2,0
1001,1,twin,high_activity,29,0,14,2,clear,cool,home,True,82,2,221
1001,1,twin,high_activity,29,0,16,3,clear,cool,home,True,124,0,0
1001,1,twin,high_activity,29,0,19,4,clear,warm,work,True,136,0,200
1001,1,twin,high_activity,29,0,21,5,clear,warm,service,True,0,1,0
1001,1,twin,high_activity,30,1,10,1,bad,warm,work,True,0,0,0
1001,1,twin,high_activity,30,1,14,2,cloudy,warm,work,True,82,1,273
1001,1,twin,high_activity,30,1,16,3,clear,hot,work,True,313,1,0
1001,1,twin,high_activity,30,1,19,4,clear,warm,work,True,222,1,0
1001,1,twin,high_activity,30,1,21,5,clear,hot,home,True,0,2,0
1001,1,twin,high_activity,31,2,10,1,cloudy,warm,work,True,0,1,0
1001,1,twin,high_activity,31,2,14,2,cloudy,mild,home,True,3523,0,302
1001,1,twin,high_activity,31,2,16,3,cloudy,hot,work,True,0,2,168
1001,1,twin,high_activity,31,2,19,4,clear,warm,home,True,1866,2,0
1001,1,twin,high_activity,31,2,21,5,cloudy,hot,activity,False,1336,0,506
1001,1,twin,high_activity,32,3,10,1,cloudy,mild,work,True,0,1,0
1001,1,twin,high_activity,32,3,14,2,clear,warm,service,True,215,1,312
1001,1,twin,high_activity,32,3,16,3,clear,warm,activity,True,171,1,248
1001,1,twin,high_activity,32,3,19,4,clear,mild,home,True,528,0,208
1001,1,twin,high_activity,32,3,21,5,clear,warm,home,True,0,0,0
1001,1,twin,high_activity,33,4,10,1,cloudy,warm,dining,True,0,2,218
1001,1,twin,high_activity,33,4,14,2,cloudy,warm,work,True,607,2,277
1001,1,twin,high_activity,33,4,16,3,clear,warm,home,True,201,0,180
1001,1,twin,high_activity,33,4,19,4,cloudy,warm,shopping,True,36,2,109
1001,1,twin,high_activity,33,4,21,5,cloudy,warm,service,True,17,0,0
1001,1,twin,high_activity,34,5,10,1,clear,warm,service,True,569,0,112
1001,1,twin,high_activity,34,5,14,2,cloudy,warm,dining,True,122,0,0
1001,1,twin,high_activity,34,5,16,3,cloudy,warm,home,True,0,0,165
1001,1,twin,high_activity,34,5,19,4,cloudy,warm,home,True,26,0,0
1001,1,twin,high_activity,34,5,21,5,cloudy,hot,home,True,257,1,0
1001,1,twin,high_activity,35,6,10,1,clear,warm,service,True,0,0,0
1001,1,twin,high_activity,35,6,14,2,cloudy,warm,dining,True,270,2,0
1001,1,twin,high_activity,35,6,16,3,cloudy,hot,shopping,False,752,0,1180
1001,1,twin,high_activity,35,6,19,4,bad,hot,shopping,True,187,2,131
1001,1,twin,high_activity,35,6,21,5,cloudy,hot,service,False,1816,0,554
1002,1,edge,high_activity,1,0,14,1,cloudy,hot,service,True,0,0,0
1002,1,edge,high_activity,1,0,18,2,cloudy,hot,work,True,100,0,267
1002,1,edge,high_activity,1,0,20,3,cloudy,warm,home,True,50,0,0
1002,1,edge,high_activity,1,0,23,4,clear,warm,dining,True,122,1,0
1002,1,edge,high_activity,1,0,1,5,cloudy,warm,work,True,0,0,99
1002,1,edge,high_activity,2,1,14,1,cloudy,cool,dining,True,0,0,28
1002,1,edge,high_activity,2,1,18,2,cloudy,hot,work,True,121,0,0
1002,1,edge,high_activity,2,1,20,3,cloudy,hot,work,True,1331,1,202
1002,1,edge,high_activity,2,1,23,4,clear,hot,home,True,46,0,58
1002,1,edge,high_activity,2,1,1,5,cloudy,hot,home,False,307,0,303
1002,1,edge,high_activity,3,2,14,1,clear,hot,home,True,0,1,102
1002,1,edge,high_activity,3,2,18,2,cloudy,hot,home,True,109,0,223
1002,1,edge,high_activity,3,2,20,3,clear,hot,home,True,6,1,0
1002,1,edge,high_activity,3,2,23,4,cloudy,hot,work,True,47,1,134
1002,1,edge,high_activity,3,2,1,5,clear,warm,home,True,144,2,111
1002,1,edge,high_activity,4,3,14,1,clear,warm,home,True,0,1,104
1002,1,edge,high_activity,4,3,18,2,clear,hot,work,True,1160,2,0
1002,1,edge,high_activity,4,3,20,3,clear,hot,work,True,14,1,0
1002,1,edge,high_activity,4,3,23,4,cloudy,warm,work,True,55,0,65
1002,1,edge,high_activity,4,3,1,5,clear,warm,home,True,182,0,73
1002,1,edge,high_activity,5,4,14,1,bad,hot,home,True,0,0,0
1002,1,edge,high_activity,5,4,18,2,cloudy,hot,home,True,76,2,104
1002,1,edge,high_activity,5,4,20,3,clear,hot,work,True,0,1,63
1002,1,edge,high_activity,5,4,23,4,clear,hot,home,True,13,0,0
1002,1,edge,high_activity,5,4,1,5,cloudy,warm,work,True,111,1,0
1002,1,edge,high_activity,6,5,14,1,cloudy,hot,home,True,0,1,126
1002,1,edge,high_activity,6,5,18,2,clear,hot,home,True,92,2,0
1002,1,edge,high_activity,6,5,20,3,clear,hot,home,False,111,0,0
1002,1,edge,high_activity,6,5,23,4,clear,hot,home,True,8,1,0
1002,1,edge,high_activity,6,5,1,5,clear,hot,home,True,0,0,111
1002,1,edge,high_activity,7,6,14,1,cloudy,mild,home,True,0,0,27
1002,1,edge,high_activity,7,6,18,2,clear,warm,dining,True,0,2,0
1002,1,edge,high_activity,7,6,20,3,clear,warm,shopping,False,0,0,260
1002,1,edge,high_activity,7,6,23,4,clear,warm,service,True,28,1,0
1002,1,edge,high_activity,7,6,1,5,clear,warm,service,True,44,0,127
1002,1,edge,high_activity,8,0,14,1,cloudy,warm,home,True,0,0,0
1002,1,edge,high_activity,8,0,18,2,cloudy,hot,dining,True,81,1,94
1002,1,edge,high_activity,8,0,20,3,cloudy,hot,work,True,1425,0,199
1002,1,edge,high_activity,8,0,23,4,clear,warm,work,True,14,1,0
1002,1,edge,high_activity,8,0,1,5,cloudy,warm,home,True,50,2,57
1002,1,edge,high_activity,9,1,14,1,cloudy,warm,home,True,18,0,0
1002,1,edge,high_activity,9,1,18,2,bad,warm,home,True,18,2,0
1002,1,edge,high_activity,9,1,20,3,cloudy,warm,work,True,140,1,0
1002,1,edge,high_activity,9,1,23,4,cloudy,warm,work,True,5,2,169
1002,1,edge,high_activity,9,1,1,5,clear,warm,work,True,53,0,136
1002,1,edge,high_activity,10,2,14,1,cloudy,hot,dining,True,0,0,46
1002,1,edge,high_activity,10,2,18,2,cloudy,hot,work,True,191,1,0
1002,1,edge,high_activity,10,2,20,3,cloudy,warm,service,True,0,0,102
1002,1,edge,high_activity,10,2,23,4,cloudy,warm,activity,True,595,0,110
1002,1,edge,high_activity,10,2,1,5,clear,mild,home,True,99,0,137
1002,1,edge,high_activity,11,3,14,1,cloudy,mild,home,True,0,1,119
1002,1,edge,high_activity,11,3,18,2,clear,mild,work,True,11,1,0
1002,1,edge,high_activity,11,3,20,3,cloudy,warm,home,True,39,0,64
1002,1,edge,high_activity,11,3,23,4,cloudy,mild,dining,True,51,1,80
1002,1,edge,high_activity,11,3,1,5,cloudy,mild,home,True,0,1,0
1002,1,edge,high_activity,12,4,14,1,cloudy,warm,dining,True,0,2,0
1002,1,edge,high_activity,12,4,18,2,bad,warm,home,True,55,2,83
1002,1,edge,high_activity,12,4,20,3,cloudy,hot,work,True,397,0,112
1002,1,edge,high_activity,12,4,23,4,cloudy,hot,work,True,31,1,112
1002,1,edge,high_activity,12,4,1,5,cloudy,warm,home,True,130,2,218
1002,1,edge,high_activity,13,5,14,1,clear,warm,dining,True,9,1,0
1002,1,edge,high_activity,13,5,18,2,cloudy,warm,home,True,32,1,64
1002,1,edge,high_activity,13,5,20,3,clear,mild,shopping,True,825,1,99
1002,1,edge,high_activity,13,5,23,4,clear,hot,shopping,True,92,2,0
1002,1,edge,high_activity,13,5,1,5,clear,hot,service,True,0,2,87
1002,1,edge,high_activity,14,6,14,1,cloudy,warm,home,True,0,0,0
1002,1,edge,high_activity,14,6,18,2,cloudy,warm,dining,True,25,2,0
1002,1,edge,high_activity,14,6,20,3,cloudy,hot,shopping,True,41,0,0
1002,1,edge,high_activity,14,6,23,4,clear,hot,shopping,True,2277,2,128
1002,1,edge,high_activity,14,6,1,5,clear,warm,service,True,20,2,0
1002,1,edge,high_activity,15,0,14,1,clear,cool,work,True,0,0,67
1002,1,edge,high_activity,15,0,18,2,cloudy,cool,home,True,0,1,0
1002,1,edge,high_activity,15,0,20,3,bad,warm,home,True,63,0,0
1002,1,edge,high_activity,15,0,23,4,cloudy,warm,home,True,39,1,0
1002,1,edge,high_activity,15,0,1,5,cloudy,warm,dining,True,14,2,115
1002,1,edge,high_activity,16,1,14,1,cloudy,mild,home,True,0,1,84
1002,1,edge,high_activity,16,1,18,2,clear,mild,work,True,364,1,61
1002,1,edge,high_activity,16,1,20,3,cloudy,mild,service,True,87,2,103
1002,1,edge,high_activity,16,1,23,4,clear,hot,activity,True,28,2,0
1002,1,edge,high_activity,16,1,1,5,clear,warm,home,True,5,0,102
1002,1,edge,high_activity,17,2,14,1,cloudy,warm,dining,True,0,1,69
1002,1,edge,high_activity,17,2,18,2,cloudy,warm,work,True,41,2,90
1002,1,edge,high_activity,17,2,20,3,clear,warm,home,True,172,2,0
1002,1,edge,high_activity,17,2,23,4,clear,warm,work,True,173,2,149
1002,1,edge,high_activity,17,2,1,5,clear,hot,home,True,66,1,0
1002,1,edge,high_activity,18,3,14,1,cloudy,cool,home,True,0,2,0
1002,1,edge,high_activity,18,3,18,2,cloudy,cool,home,True,376,2,134
1002,1,edge,high_activity,18,3,20,3,cloudy,hot,dining,True,0,2,0
1002,1,edge,high_activity,18,3,23,4,cloudy,warm,work,True,42,1,149
1002,1,edge,high_activity,18,3,1,5,clear,warm,home,True,63,1,0
1002,1,edge,high_activity,19,4,14,1,cloudy,hot,work,True,0,2,0
1002,1,edge,high_activity,19,4,18,2,cloudy,warm,home,True,5000,0,213
1002,1,edge,high_activity,19,4,20,3,clear,warm,dining,True,1318,1,505
1002,1,edge,high_activity,19,4,23,4,clear,warm,home,True,120,0,100
1002,1,edge,high_activity,19,4,1,5,clear,warm,home,True,889,2,507
1002,1,edge,high_activity,20,5,14,1,clear,hot,home,True,9,2,0
1002,1,edge,high_activity,20,5,18,2,clear,hot,home,True,54,1,56
1002,1,edge,high_activity,20,5,20,3,cloudy,warm,service,True,0,1,124
1002,1,edge,high_activity,20,5,23,4,cloudy,mild,service,True,403,1,113
1002,1,edge,high_activity,20,5,1,5,cloudy,warm,service,False,0,0,0
1002,1,edge,high_activity,21,6,14,1,cloudy,mild,home,True,0,1,0
1002,1,edge,high_activity,21,6,18,2,clear,mild,home,True,149,1,83
1002,1,edge,high_activity,21,6,20,3,clear,warm,dining,True,0,0,0
1002,1,edge,high_activity,21,6,23,4,clear,warm,home,True,74,2,76
1002,1,edge,high_activity,21,6,1,5,clear,warm,home,True,0,2,95
1002,1,edge,high_activity,22,0,14,1,cloudy,hot,home,True,2,2,0
1002,1,edge,high_activity,22,0,18,2,clear,hot,shopping,True,43,0,0
1002,1,edge,high_activity,22,0,20,3,clear,hot,shopping,False,91,0,572
1002,1,edge,high_activity,22,0,23,4,clear,hot,shopping,True,30,2,0
1002,1,edge,high_activity,22,0,1,5,cloudy,hot,shopping,True,0,1,37
1002,1,edge,high_activity,23,1,14,1,cloudy,warm,shopping,True,0,1,0
1002,1,edge,high_activity,23,1,18,2,cloudy,hot,service,True,64,1,131
1002,1,edge,high_activity,23,1,20,3,cloudy,hot,home,True,8,1,0
1002,1,edge,high_activity,23,1,23,4,cloudy,hot,dining,True,37,2,0
1002,1,edge,high_activity,23,1,1,5,clear,hot,work,True,0,0,0
1002,1,edge,high_activity,24,2,14,1,clear,hot,home,True,0,1,0
1002,1,edge,high_activity,24,2,18,2,cloudy,warm,home,True,0,1,61
1002,1,edge,high_activity,24,2,20,3,clear,hot,home,True,4,1,0
1002,1,edge,high_activity,24,2,23,4,clear,hot,home,True,42,0,0
1002,1,edge,high_activity,24,2,1,5,cloudy,hot,home,False,22,0,0
1002,1,edge,high_activity,25,3,14,1,cloudy,hot,work,True,0,1,0
1002,1,edge,high_activity,25,3,18,2,cloudy,warm,service,False,820,0,62
1002,1,edge,high_activity,25,3,20,3,cloudy,warm,service,True,376,0,0
1002,1,edge,high_activity,25,3,23,4,clear,warm,work,True,49,0,0
1002,1,edge,high_activity,25,3,1,5,clear,warm,home,True,189,0,0
1002,1,edge,high_activity,26,4,14,1,cloudy,warm,work,True,0,2,62
1002,1,edge,high_activity,26,4,18,2,clear,warm,home,True,261,0,264
1002,1,edge,high_activity,26,4,20,3,cloudy,warm,work,True,90,1,0
1002,1,edge,high_activity,26,4,23,4,bad,warm,home,True,115,0,0
1002,1,edge,high_activity,26,4,1,5,cloudy,warm,home,True,20,1,0
1002,1,edge,high_activity,27,5,14,1,clear,warm,shopping,True,1,1,0
1002,1,edge,high_activity,27,5,18,2,clear,hot,dining,True,21,0,99
1002,1,edge,high_activity,27,5,20,3,clear,hot,shopping,True,447,1,0
1002,1,edge,high_activity,27,5,23,4,cloudy,hot,shopping,True,11,0,93
1002,1,edge,high_activity,27,5,1,5,clear,hot,dining,True,80,0,194
1002,1,edge,high_activity,28,6,14,1,cloudy,warm,home,True,0,1,0
1002,1,edge,high_activity,28,6,18,2,cloudy,warm,home,True,9,1,0
1002,1,edge,high_activity,28,6,20,3,cloudy,warm,home,True,9,0,0
1002,1,edge,high_activity,28,6,23,4,cloudy,warm,shopping,True,31,1,32
1002,1,edge,high_activity,28,6,1,5,clear,warm,shopping,True,125,1,68
1002,1,edge,high_activity,29,0,14,1,cloudy,mild,service,True,15,2,48
1002,1,edge,high_activity,29,0,18,2,cloudy,hot,activity,False,22,0,0
1002,1,edge,high_activity,29,0,20,3,clear,warm,home,True,85,2,0
1002,1,edge,high_activity,29,0,23,4,clear,warm,work,True,57,1,29
1002,1,edge,high_activity,29,0,1,5,clear,warm,work,True,250,1,72
1002,1,edge,high_activity,30,1,14,1,clear,cool,home,True,0,2,46
1002,1,edge,high_activity,30,1,18,2,clear,warm,work,True,49,1,120
1002,1,edge,high_activity,30,1,20,3,clear,mild,work,True,323,0,0
1002,1,edge,high_activity,30,1,23,4,cloudy,warm,work,False,101,0,91
1002,1,edge,high_activity,30,1,1,5,cloudy,warm,home,True,667,2,218
1002,1,edge,high_activity,31,2,14,1,cloudy,warm,home,True,0,0,0
1002,1,edge,high_activity,31,2,18,2,cloudy,warm,shopping,True,235,2,0
1002,1,edge,high_activity,31,2,20,3,clear,warm,shopping,True,282,0,0
1002,1,edge,high_activity,31,2,23,4,clear,warm,service,True,24,0,76
1002,1,edge,high_activity,31,2,1,5,cloudy,warm,home,True,1412,0,356
1002,1,edge,high_activity,32,3,14,1,cloudy,cool,work,True,0,0,44
1002,1,edge,high_activity,32,3,18,2,cloudy,warm,home,True,609,2,211
1002,1,edge,high_activity,32,3,20,3,cloudy,warm,work,True,0,0,28
1002,1,edge,high_activity,32,3,23,4,bad,cold,home,True,2110,2,209
1002,1,edge,high_activity,32,3,1,5,bad,warm,home,True,0,0,150
1002,1,edge,high_activity,33,4,14,1,cloudy,cool,work,True,0,2,15
1002,1,edge,high_activity,33,4,18,2,cloudy,cool,work,True,52,0,108
1002,1,edge,high_activity,33,4,20,3,clear,hot,service,True,44,1,109
1002,1,edge,high_activity,33,4,23,4,clear,hot,home,True,10,0,0
1002,1,edge,high_activity,33,4,1,5,cloudy,hot,home,True,1979,0,350
1002,1,edge,high_activity,34,5,14,1,clear,cool,home,True,0,2,0
1002,1,edge,high_activity,34,5,18,2,cloudy,warm,home,True,29,0,0
1002,1,edge,high_activity,34,5,20,3,cloudy,hot,home,True,268,2,0
1002,1,edge,high_activity,34,5,23,4,cloudy,warm,shopping,False,111,0,129
1002,1,edge,high_activity,34,5,1,5,cloudy,hot,service,True,240,0,101
1002,1,edge,high_activity,35,6,14,1,cloudy,cool,service,True,0,1,97
1002,1,edge,high_activity,35,6,18,2,clear,warm,dining,True,17,2,88
1002,1,edge,high_activity,35,6,20,3,cloudy,hot,shopping,True,71,2,23
1002,1,edge,high_activity,35,6,23,4,cloudy,warm,dining,True,15,0,124
1002,1,edge,high_activity,35,6,1,5,clear,hot,home,True,42,1,81
1003,2,twin,standard,1,0,13,1,cloudy,mild,work,True,0,2,0
1003,2,twin,standard,1,0,17,2,cloudy,warm,work,False,139,0,358
1003,2,twin,standard,1,0,19,3,cloudy,warm,work,True,0,2,0
1003,2,twin,standard,1,0,22,4,cloudy,warm,work,True,0,2,0
1003,2,twin,standard,1,0,0,5,cloudy,warm,service,True,0,1,0
1003,2,twin,standard,2,1,13,1,bad,warm,work,True,0,2,112
1003,2,twin,standard,2,1,17,2,cloudy,warm,work,True,1211,0,348
1003,2,twin,standard,2,1,19,3,cloudy,warm,work,True,1363,1,0
1003,2,twin,standard,2,1,22,4,cloudy,warm,work,True,0,0,0
1003,2,twin,standard,2,1,24,5,cloudy,warm,work,True,0,1,28
1003,2,twin,standard,3,2,13,1,cloudy,hot,work,True,0,0,0
1003,2,twin,standard,3,2,17,2,clear,warm,work,True,0,0,116
1003,2,twin,standard,3,2,19,3,cloudy,hot,work,True,5000,0,0
1003,2,twin,standard,3,2,22,4,bad,warm,work,True,536,0,0
1003,2,twin,standard,3,2,0,5,clear,warm,work,True,0,1,0
1003,2,twin,standard,4,3,13,1,clear,warm,work,True,0,2,0
1003,2,twin,standard,4,3,17,2,cloudy,hot,work,True,243,0,139
1003,2,twin,standard,4,3,19,3,cloudy,hot,work,True,0,2,0
1003,2,twin,standard,4,3,22,4,cloudy,hot,work,False,6,0,0
1003,2,twin,standard,4,3,0,5,cloudy,hot,work,True,269,0,232
1003,2,twin,standard,5,4,13,1,cloudy,mild,work,False,0,0,0
1003,2,twin,standard,5,4,17,2,cloudy,warm,work,True,60,0,124
1003,2,twin,standard,5,4,19,3,bad,hot,work,True,591,1,253
1003,2,twin,standard,5,4,22,4,cloudy,hot,work,True,47,1,0
1003,2,twin,standard,5,4,24,5,cloudy,warm,work,True,0,0,251
1003,2,twin,standard,6,5,13,1,cloudy,warm,service,True,0,2,594
1003,2,twin,standard,6,5,17,2,cloudy,hot,shopping,True,51,0,0
1003,2,twin,standard,6,5,19,3,cloudy,hot,service,True,432,1,0
1003,2,twin,standard,6,5,22,4,cloudy,hot,service,False,96,0,0
1003,2,twin,standard,6,5,0,5,cloudy,warm,work,False,66,0,0
1003,2,twin,standard,7,6,13,1,cloudy,hot,work,True,0,1,217
1003,2,twin,standard,7,6,17,2,cloudy,hot,service,True,0,1,0
1003,2,twin,standard,7,6,19,3,clear,hot,service,True,0,0,0
1003,2,twin,standard,7,6,22,4,clear,mild,dining,True,0,2,0
1003,2,twin,standard,7,6,24,5,clear,hot,work,False,173,0,0
1003,2,twin,standard,8,0,13,1,clear,hot,work,True,0,1,217
1003,2,twin,standard,8,0,17,2,cloudy,hot,work,True,179,1,0
1003,2,twin,standard,8,0,19,3,cloudy,warm,work,True,0,1,0
1003,2,twin,standard,8,0,22,4,cloudy,warm,work,True,541,0,0
1003,2,twin,standard,8,0,24,5,cloudy,warm,work,True,0,0,142
1003,2,twin,standard,9,1,13,1,cloudy,mild,work,True,0,0,124
1003,2,twin,standard,9,1,17,2,cloudy,warm,work,True,0,0,0
1003,2,twin,standard,9,1,19,3,cloudy,mild,work,True,59,2,0
1003,2,twin,standard,9,1,22,4,cloudy,warm,work,True,411,2,327
1003,2,twin,standard,9,1,0,5,cloudy,mild,work,True,0,0,132
1003,2,twin,standard,10,2,13,1,clear,warm,work,True,0,1,262
1003,2,twin,standard,10,2,17,2,clear,mild,activity,True,21,1,0
1003,2,twin,standard,10,2,19,3,cloudy,hot,home,True,0,2,0
1003,2,twin,standard,10,2,22,4,cloudy,warm,shopping,False,226,0,0
1003,2,twin,standard,10,2,0,5,cloudy,hot,home,True,0,0,139
1003,2,twin,standard,11,3,13,1,clear,hot,work,True,0,2,0
1003,2,twin,standard,11,3,17,2,clear,hot,work,True,17,0,212
1003,2,twin,standard,11,3,19,3,cloudy,hot,service,True,0,1,0
1003,2,twin,standard,11,3,22,4,cloudy,hot,service,True,0,2,0
1003,2,twin,standard,11,3,24,5,cloudy,hot,dining,True,0,0,0
1003,2,twin,standard,12,4,13,1,cloudy,mild,work,True,0,1,252
1003,2,twin,standard,12,4,17,2,cloudy,warm,work,True,28,1,0
1003,2,twin,standard,12,4,19,3,clear,warm,work,True,306,1,221
1003,2,twin,standard,12,4,22,4,clear,warm,work,True,53,1,297
1003,2,twin,standard,12,4,0,5,cloudy,warm,work,True,27,2,243
1003,2,twin,standard,13,5,13,1,cloudy,warm,shopping,True,0,1,0
1003,2,twin,standard,13,5,17,2,cloudy,warm,activity,True,0,2,0
1003,2,twin,standard,13,5,19,3,cloudy,hot,work,True,566,2,225
1003,2,twin,standard,13,5,22,4,cloudy,warm,service,True,1023,0,212
1003,2,twin,standard,13,5,24,5,clear,warm,shopping,True,1359,1,287
1003,2,twin,standard,14,6,13,1,cloudy,warm,work,True,0,0,0
1003,2,twin,standard,14,6,17,2,clear,warm,work,True,975,2,0
1003,2,twin,standard,14,6,19,3,cloudy,warm,work,True,0,2,0
1003,2,twin,standard,14,6,22,4,cloudy,warm,work,True,0,2,0
1003,2,twin,standard,14,6,24,5,clear,mild,work,True,0,0,0
1003,2,twin,standard,15,0,13,1,cloudy,warm,work,True,496,0,299
1003,2,twin,standard,15,0,17,2,cloudy,warm,work,True,199,1,81
1003,2,twin,standard,15,0,19,3,cloudy,mild,work,True,1438,1,0
1003,2,twin,standard,15,0,22,4,cloudy,warm,work,True,224,1,329
1003,2,twin,standard,15,0,24,5,clear,mild,work,False,279,0,0
1003,2,twin,standard,16,1,13,1,cloudy,mild,work,True,0,0,0
1003,2,twin,standard,16,1,17,2,clear,hot,work,True,102,1,174
1003,2,twin,standard,16,1,19,3,clear,warm,work,True,42,0,0
1003,2,twin,standard,16,1,22,4,cloudy,mild,work,True,0,2,187
1003,2,twin,standard,16,1,0,5,cloudy,warm,work,True,0,0,0
1003,2,twin,standard,17,2,13,1,clear,mild,work,True,0,2,0
1003,2,twin,standard,17,2,17,2,clear,hot,work,True,63,0,165
1003,2,twin,standard,17,2,19,3,cloudy,hot,work,True,78,2,0
1003,2,twin,standard,17,2,22,4,cloudy,hot,work,True,0,2,275
1003,2,twin,standard,17,2,0,5,clear,hot,work,True,0,0,0
1003,2,twin,standard,18,3,13,1,clear,mild,work,True,0,2,0
1003,2,twin,standard,18,3,17,2,clear,mild,work,True,1458,0,0
1003,2,twin,standard,18,3,19,3,cloudy,warm,work,True,151,2,0
1003,2,twin,standard,18,3,22,4,cloudy,hot,work,True,0,2,0
1003,2,twin,standard,18,3,0,5,cloudy,warm,work,True,53,1,0
1003,2,twin,standard,19,4,13,1,cloudy,warm,work,False,443,0,1221
1003,2,twin,standard,19,4,17,2,clear,warm,work,True,661,2,0
1003,2,twin,standard,19,4,19,3,cloudy,warm,work,True,0,2,0
1003,2,twin,standard,19,4,22,4,cloudy,warm,work,True,434,1,297
1003,2,twin,standard,19,4,0,5,cloudy,warm,work,True,0,0,0
1003,2,twin,standard,20,5,13,1,clear,hot,work,True,0,0,213
1003,2,twin,standard,20,5,17,2,cloudy,warm,service,True,0,0,0
1003,2,twin,standard,20,5,19,3,cloudy,hot,work,True,407,0,374
1003,2,twin,standard,20,5,22,4,cloudy,warm,work,True,0,2,0
1003,2,twin,standard,20,5,0,5,clear,hot,work,True,44,2,0
1003,2,twin,standard,21,6,13,1,cloudy,hot,activity,True,0,0,0
1003,2,twin,standard,21,6,17,2,cloudy,warm,work,True,0,0,0
1003,2,twin,standard,21,6,19,3,cloudy,warm,work,True,0,1,0
1003,2,twin,standard,21,6,22,4,clear,warm,service,True,0,0,0
1003,2,twin,standard,21,6,0,5,clear,warm,work,True,0,1,0
1003,2,twin,standard,22,0,13,1,cloudy,warm,work,True,0,1,0
1003,2,twin,standard,22,0,17,2,cloudy,hot,work,True,133,1,0
1003,2,twin,standard,22,0,19,3,clear,warm,work,True,723,2,43
1003,2,twin,standard,22,0,22,4,clear,hot,work,False,0,0,362
1003,2,twin,standard,22,0,0,5,clear,warm,work,True,0,2,0
1003,2,twin,standard,23,1,13,1,cloudy,warm,service,True,63,0,208
1003,2,twin,standard,23,1,17,2,cloudy,warm,dining,True,641,0,0
1003,2,twin,standard,23,1,19,3,cloudy,warm,work,True,144,0,177
1003,2,twin,standard,23,1,22,4,cloudy,warm,work,False,0,0,0
1003,2,twin,standard,23,1,0,5,cloudy,hot,work,True,0,1,0
1003,2,twin,standard,24,2,13,1,cloudy,mild,work,True,236,0,161
1003,2,twin,standard,24,2,17,2,cloudy,mild,work,True,0,0,0
1003,2,twin,standard,24,2,19,3,cloudy,warm,work,True,0,1,0
1003,2,twin,standard,24,2,22,4,cloudy,warm,service,False,24,0,0
1003,2,twin,standard,24,2,0,5,bad,warm,dining,True,43,1,104
1003,2,twin,standard,25,3,13,1,cloudy,mild,work,True,0,1,0
1003,2,twin,standard,25,3,17,2,cloudy,warm,work,True,0,2,0
1003,2,twin,standard,25,3,19,3,cloudy,mild,work,True,823,1,0
1003,2,twin,standard,25,3,22,4,clear,warm,work,True,81,1,0
1003,2,twin,standard,25,3,24,5,clear,warm,work,True,0,0,134
1003,2,twin,standard,26,4,13,1,cloudy,warm,work,True,47,1,0
1003,2,twin,standard,26,4,17,2,cloudy,warm,work,True,123,1,0
1003,2,twin,standard,26,4,19,3,clear,hot,work,True,430,2,135
1003,2,twin,standard,26,4,22,4,cloudy,hot,work,True,148,0,0
1003,2,twin,standard,26,4,0,5,bad,warm,service,True,114,2,0
1003,2,twin,standard,27,5,13,1,cloudy,warm,service,True,144,1,0
1003,2,twin,standard,27,5,17,2,clear,hot,service,True,47,2,687
1003,2,twin,standard,27,5,19,3,cloudy,freezing,work,True,206,0,0
1003,2,twin,standard,27,5,22,4,cloudy,warm,work,True,97,0,0
1003,2,twin,standard,27,5,0,5,clear,warm,service,True,0,2,0
1003,2,twin,standard,28,6,13,1,clear,warm,work,True,0,2,259
1003,2,twin,standard,28,6,17,2,cloudy,hot,service,True,125,0,0
1003,2,twin,standard,28,6,19,3,cloudy,hot,service,True,0,1,0
1003,2,twin,standard,28,6,22,4,cloudy,hot,service,True,58,0,287
1003,2,twin,standard,28,6,24,5,cloudy,warm,shopping,False,513,0,0
1003,2,twin,standard,29,0,13,1,cloudy,warm,work,True,52,2,0
1003,2,twin,standard,29,0,17,2,cloudy,warm,work,True,0,0,0
1003,2,twin,standard,29,0,19,3,cloudy,warm,work,True,2438,2,0
1003,2,twin,standard,29,0,22,4,clear,mild,work,True,73,2,0
1003,2,twin,standard,29,0,0,5,clear,warm,work,True,31,2,0
1003,2,twin,standard,30,1,13,1,clear,mild,work,True,0,0,0
1003,2,twin,standard,30,1,17,2,cloudy,hot,work,True,0,0,0
1003,2,twin,standard,30,1,19,3,clear,warm,work,True,87,2,0
1003,2,twin,standard,30,1,22,4,clear,warm,work,True,0,2,240
1003,2,twin,standard,30,1,24,5,cloudy,warm,work,True,1074,0,0
1003,2,twin,standard,31,2,13,1,cloudy,mild,work,False,0,0,762
1003,2,twin,standard,31,2,17,2,cloudy,mild,work,True,441,2,0
1003,2,twin,standard,31,2,19,3,cloudy,mild,service,True,82,1,193
1003,2,twin,standard,31,2,22,4,cloudy,mild,other,True,0,2,0
1003,2,twin,standard,31,2,24,5,cloudy,warm,activity,True,283,0,0
1003,2,twin,standard,32,3,13,1,cloudy,mild,work,False,519,0,923
1003,2,twin,standard,32,3,17,2,clear,warm,work,True,149,1,0
1003,2,twin,standard,32,3,19,3,cloudy,warm,service,True,243,1,215
1003,2,twin,standard,32,3,22,4,bad,warm,shopping,True,0,0,0
1003,2,twin,standard,32,3,0,5,cloudy,warm,service,True,403,1,345
1003,2,twin,standard,33,4,13,1,clear,mild,work,True,0,1,0
1003,2,twin,standard,33,4,17,2,clear,warm,work,True,0,0,0
1003,2,twin,standard,33,4,19,3,cloudy,warm,work,True,133,0,190
1003,2,twin,standard,33,4,22,4,bad,mild,service,True,180,1,0
1003,2,twin,standard,33,4,24,5,cloudy,warm,service,True,76,2,0
1003,2,twin,standard,34,5,13,1,cloudy,warm,work,True,0,1,174
1003,2,twin,standard,34,5,17,2,cloudy,warm,work,True,94,2,0
1003,2,twin,standard,34,5,19,3,clear,warm,service,True,255,1,291
1003,2,twin,standard,34,5,22,4,cloudy,warm,work,True,58,1,0
1003,2,twin,standard,34,5,0,5,cloudy,warm,work,True,0,2,124
1003,2,twin,standard,35,6,13,1,clear,warm,work,True,0,2,0
1003,2,twin,standard,35,6,17,2,clear,warm,service,True,0,0,252
1003,2,twin,standard,35,6,19,3,clear,hot,work,True,75,1,0
1003,2,twin,standard,35,6,22,4,cloudy,warm,work,True,0,0,170
1003,2,twin,standard,35,6,0,5,cloudy,warm,service,True,239,1,336
1004,2,twin,standard,1,0,13,1,cloudy,warm,work,True,26,2,0
1004,2,twin,standard,1,0,17,2,cloudy,warm,work,True,0,2,0
1004,2,twin,standard,1,0,19,3,cloudy,warm,work,True,149,1,0
1004,2,twin,standard,1,0,22,4,cloudy,mild,work,True,218,2,0
1004,2,twin,standard,1,0,0,5,clear,mild,work,True,862,1,0
1004,2,twin,standard,2,1,13,1,clear,mild,work,True,0,1,0
1004,2,twin,standard,2,1,17,2,clear,mild,work,True,15,1,245
1004,2,twin,standard,2,1,19,3,cloudy,mild,service,True,0,0,0
1004,2,twin,standard,2,1,22,4,cloudy,warm,other,True,84,1,118
1004,2,twin,standard,2,1,24,5,cloudy,mild,service,True,196,1,0
1004,2,twin,standard,3,2,13,1,cloudy,mild,work,True,0,2,0
1004,2,twin,standard,3,2,17,2,cloudy,warm,work,True,29,1,0
1004,2,twin,standard,3,2,19,3,cloudy,hot,work,True,0,1,0
1004,2,twin,standard,3,2,22,4,clear,hot,work,True,0,1,0
1004,2,twin,standard,3,2,24,5,clear,warm,work,True,27,0,297
1004,2,twin,standard,4,3,13,1,clear,mild,work,True,0,0,0
1004,2,twin,standard,4,3,17,2,clear,warm,work,True,0,0,94
1004,2,twin,standard,4,3,19,3,clear,mild,work,True,0,2,0
1004,2,twin,standard,4,3,22,4,cloudy,mild,work,True,145,1,0
1004,2,twin,standard,4,3,24,5,cloudy,hot,work,True,766,0,461
1004,2,twin,standard,5,4,13,1,cloudy,warm,work,True,0,0,0
1004,2,twin,standard,5,4,17,2,cloudy,warm,work,True,75,1,68
1004,2,twin,standard,5,4,19,3,cloudy,warm,work,True,127,1,107
1004,2,twin,standard,5,4,22,4,clear,warm,work,True,0,0,0
1004,2,twin,standard,5,4,24,5,cloudy,warm,work,True,20,0,0
1004,2,twin,standard,6,5,13,1,cloudy,warm,service,True,0,2,0
1004,2,twin,standard,6,5,17,2,bad,warm,work,True,157,0,89
1004,2,twin,standard,6,5,19,3,cloudy,warm,service,True,0,0,0
1004,2,twin,standard,6,5,22,4,cloudy,mild,shopping,True,43,2,0
1004,2,twin,standard,6,5,24,5,cloudy,hot,shopping,False,0,0,0
1004,2,twin,standard,7,6,13,1,clear,hot,work,True,0,0,0
1004,2,twin,standard,7,6,17,2,cloudy,warm,service,True,137,2,0
1004,2,twin,standard,7,6,19,3,cloudy,warm,work,True,237,0,249
1004,2,twin,standard,7,6,22,4,clear,warm,work,True,0,1,0
1004,2,twin,standard,7,6,24,5,cloudy,warm,service,True,172,0,0
1004,2,twin,standard,8,0,13,1,clear,warm,work,True,82,0,122
1004,2,twin,standard,8,0,17,2,clear,warm,work,True,0,1,0
1004,2,twin,standard,8,0,19,3,clear,hot,work,True,66,1,101
1004,2,twin,standard,8,0,22,4,cloudy,freezing,work,False,55,0,276
1004,2,twin,standard,8,0,24,5,cloudy,warm,work,True,0,1,229
1004,2,twin,standard,9,1,13,1,cloudy,warm,work,True,0,2,0
1004,2,twin,standard,9,1,17,2,cloudy,mild,work,True,43,1,249
1004,2,twin,standard,9,1,19,3,cloudy,warm,work,True,12,0,0
1004,2,twin,standard,9,1,22,4,clear,warm,work,True,0,0,0
1004,2,twin,standard,9,1,0,5,clear,hot,work,True,0,1,0
1004,2,twin,standard,10,2,13,1,cloudy,warm,work,True,0,2,0
1004,2,twin,standard,10,2,17,2,cloudy,hot,service,True,0,0,111
1004,2,twin,standard,10,2,19,3,cloudy,warm,work,True,0,0,107
1004,2,twin,standard,10,2,22,4,cloudy,warm,work,True,92,2,0
1004,2,twin,standard,10,2,24,5,cloudy,warm,work,True,34,2,345
1004,2,twin,standard,11,3,13,1,cloudy,hot,work,True,0,2,0
1004,2,twin,standard,11,3,17,2,cloudy,warm,work,True,0,0,0
1004,2,twin,standard,11,3,19,3,bad,mild,work,True,139,2,0
1004,2,twin,standard,11,3,22,4,clear,hot,work,True,640,0,0
1004,2,twin,standard,11,3,0,5,cloudy,warm,work,True,0,1,0
1004,2,twin,standard,12,4,13,1,cloudy,hot,work,True,0,1,150
1004,2,twin,standard,12,4,17,2,clear,warm,work,True,0,0,0
1004,2,twin,standard,12,4,19,3,cloudy,warm,work,True,0,1,0
1004,2,twin,standard,12,4,22,4,clear,warm,work,False,0,0,0
1004,2,twin,standard,12,4,24,5,clear,warm,work,False,332,0,0
1004,2,twin,standard,13,5,13,1,clear,warm,work,True,0,2,194
1004,2,twin,standard,13,5,17,2,cloudy,mild,service,True,938,0,0
1004,2,twin,standard,13,5,19,3,cloudy,warm,work,True,784,0,364
1004,2,twin,standard,13,5,22,4,clear,warm,service,True,99,0,0
1004,2,twin,standard,13,5,0,5,cloudy,warm,service,True,0,2,0
1004,2,twin,standard,14,6,13,1,clear,warm,work,True,0,2,416
1004,2,twin,standard,14,6,17,2,clear,warm,service,True,284,2,0
1004,2,twin,standard,14,6,19,3,clear,warm,work,True,0,1,0
1004,2,twin,standard,14,6,22,4,cloudy,warm,work,True,0,2,0
1004,2,twin,standard,14,6,0,5,cloudy,warm,service,True,2919,0,0
1004,2,twin,standard,15,0,13,1,clear,warm,work,True,292,1,0
1004,2,twin,standard,15,0,17,2,clear,hot,work,False,51,0,371
1004,2,twin,standard,15,0,19,3,cloudy,hot,work,True,151,2,0
1004,2,twin,standard,15,0,22,4,cloudy,warm,work,True,312,2,292
1004,2,twin,standard,15,0,0,5,clear,hot,work,True,338,1,314
1004,2,twin,standard,16,1,13,1,clear,warm,work,True,0,0,0
1004,2,twin,standard,16,1,17,2,cloudy,warm,work,True,49,0,0
1004,2,twin,standard,16,1,19,3,cloudy,hot,work,True,574,0,0
1004,2,twin,standard,16,1,22,4,cloudy,hot,work,True,329,1,90
1004,2,twin,standard,16,1,24,5,cloudy,hot,work,True,27,0,214
1004,2,twin,standard,17,2,13,1,cloudy,mild,work,True,0,2,0
1004,2,twin,standard,17,2,17,2,clear,warm,work,True,298,0,104
1004,2,twin,standard,17,2,19,3,clear,hot,work,True,0,2,20
1004,2,twin,standard,17,2,22,4,cloudy,hot,work,True,166,1,0
1004,2,twin,standard,17,2,24,5,clear,warm,work,True,147,1,321
1004,2,twin,standard,18,3,13,1,cloudy,mild,work,True,0,0,0
1004,2,twin,standard,18,3,17,2,cloudy,warm,work,True,62,1,0
1004,2,twin,standard,18,3,19,3,clear,hot,work,False,0,0,0
1004,2,twin,standard,18,3,22,4,clear,warm,work,True,139,2,150
1004,2,twin,standard,18,3,24,5,cloudy,warm,work,True,0,1,198
1004,2,twin,standard,19,4,13,1,clear,warm,service,True,0,2,0
1004,2,twin,standard,19,4,17,2,cloudy,warm,other,True,60,1,202
1004,2,twin,standard,19,4,19,3,cloudy,warm,other,True,0,0,146
1004,2,twin,standard,19,4,22,4,cloudy,mild,work,True,263,0,100
1004,2,twin,standard,19,4,0,5,cloudy,hot,work,True,0,1,0
1004,2,twin,standard,20,5,13,1,clear,warm,service,True,0,2,192
1004,2,twin,standard,20,5,17,2,clear,mild,service,True,167,2,0
1004,2,twin,standard,20,5,19,3,cloudy,warm,service,True,190,2,0
1004,2,twin,standard,20,5,22,4,clear,hot,service,True,0,0,0
1004,2,twin,standard,20,5,24,5,clear,warm,shopping,True,41,0,200
1004,2,twin,standard,21,6,13,1,cloudy,warm,work,True,0,0,135
1004,2,twin,standard,21,6,17,2,clear,warm,service,True,0,2,0
1004,2,twin,standard,21,6,19,3,cloudy,warm,work,True,286,2,33
1004,2,twin,standard,21,6,22,4,clear,warm,activity,True,15,2,75
1004,2,twin,standard,21,6,0,5,clear,warm,work,True,0,2,0
1004,2,twin,standard,22,0,13,1,clear,warm,work,True,0,0,110
1004,2,twin,standard,22,0,17,2,clear,warm,work,True,0,0,72
1004,2,twin,standard,22,0,19,3,cloudy,hot,work,True,0,1,0
1004,2,twin,standard,22,0,22,4,cloudy,hot,work,True,126,0,86
1004,2,twin,standard,22,0,24,5,cloudy,hot,work,True,0,0,120
1004,2,twin,standard,23,1,13,1,cloudy,warm,work,False,0,0,0
1004,2,twin,standard,23,1,17,2,cloudy,warm,work,True,0,0,147
1004,2,twin,standard,23,1,19,3,clear,mild,work,True,79,1,0
1004,2,twin,standard,23,1,22,4,clear,warm,work,True,0,0,93
1004,2,twin,standard,23,1,24,5,cloudy,warm,work,False,0,0,128
1004,2,twin,standard,24,2,13,1,cloudy,warm,work,True,0,1,0
1004,2,twin,standard,24,2,17,2,cloudy,warm,service,False,0,0,0
1004,2,twin,standard,24,2,19,3,cloudy,hot,other,True,0,0,0
1004,2,twin,standard,24,2,22,4,cloudy,warm,activity,True,55,2,0
1004,2,twin,standard,24,2,0,5,cloudy,warm,shopping,True,182,0,0
1004,2,twin,standard,25,3,13,1,cloudy,warm,work,True,113,1,27
1004,2,twin,standard,25,3,17,2,clear,warm,service,False,100,0,0
1004,2,twin,standard,25,3,19,3,clear,warm,work,True,66,1,0
1004,2,twin,standard,25,3,22,4,clear,mild,work,True,0,2,0
1004,2,twin,standard,25,3,0,5,cloudy,warm,work,True,0,0,0
1004,2,twin,standard,26,4,13,1,clear,mild,work,True,0,0,0
1004,2,twin,standard,26,4,17,2,cloudy,warm,work,True,99,0,0
1004,2,twin,standard,26,4,19,3,clear,hot,work,True,0,2,0
1004,2,twin,standard,26,4,22,4,clear,hot,work,True,0,2,0
1004,2,twin,standard,26,4,24,5,clear,warm,work,True,0,0,0
1004,2,twin,standard,27,5,13,1,cloudy,warm,work,True,0,2,0
1004,2,twin,standard,27,5,17,2,cloudy,warm,work,True,297,1,0
1004,2,twin,standard,27,5,19,3,cloudy,warm,service,True,81,0,0
1004,2,twin,standard,27,5,22,4,clear,hot,service,True,1256,2,0
1004,2,twin,standard,27,5,0,5,clear,hot,service,True,0,1,236
1004,2,twin,standard,28,6,13,1,clear,cool,work,True,0,1,0
1004,2,twin,standard,28,6,17,2,cloudy,mild,service,True,298,1,0
1004,2,twin,standard,28,6,19,3,cloudy,warm,work,True,75,0,0
1004,2,twin,standard,28,6,22,4,cloudy,hot,service,True,744,0,288
1004,2,twin,standard,28,6,0,5,clear,hot,shopping,True,60,2,0
1004,2,twin,standard,29,0,13,1,clear,hot,work,True,0,2,0
1004,2,twin,standard,29,0,17,2,cloudy,mild,work,True,313,0,115
1004,2,twin,standard,29,0,19,3,clear,warm,work,True,0,2,0
1004,2,twin,standard,29,0,22,4,cloudy,mild,work,True,569,2,255
1004,2,twin,standard,29,0,24,5,cloudy,warm,work,True,74,0,0
1004,2,twin,standard,30,1,13,1,cloudy,warm,work,True,0,0,0
1004,2,twin,standard,30,1,17,2,cloudy,hot,work,True,0,0,0
1004,2,twin,standard,30,1,19,3,cloudy,mild,work,True,1995,0,384
1004,2,twin,standard,30,1,22,4,clear,hot,work,True,32,0,0
1004,2,twin,standard,30,1,0,5,clear,hot,work,True,218,0,0
1004,2,twin,standard,31,2,13,1,cloudy,warm,work,True,0,1,0
1004,2,twin,standard,31,2,17,2,cloudy,mild,work,True,0,1,167
1004,2,twin,standard,31,2,19,3,cloudy,warm,service,True,0,0,128
1004,2,twin,standard,31,2,22,4,cloudy,hot,other,True,32,1,0
1004,2,twin,standard,31,2,0,5,cloudy,freezing,service,True,342,0,623
1004,2,twin,standard,32,3,13,1,cloudy,warm,work,True,1507,1,0
1004,2,twin,standard,32,3,17,2,clear,warm,service,True,127,1,79
1004,2,twin,standard,32,3,19,3,clear,hot,other,True,342,1,304
1004,2,twin,standard,32,3,22,4,cloudy,hot,dining,True,0,0,0
1004,2,twin,standard,32,3,0,5,cloudy,mild,service,True,38,0,0
1004,2,twin,standard,33,4,13,1,clear,hot,work,True,58,2,0
1004,2,twin,standard,33,4,17,2,clear,mild,work,True,267,0,88
1004,2,twin,standard,33,4,19,3,clear,warm,work,True,0,1,200
1004,2,twin,standard,33,4,22,4,cloudy,warm,work,True,0,1,0
1004,2,twin,standard,33,4,24,5,cloudy,warm,work,True,0,0,0
1004,2,twin,standard,34,5,13,1,bad,hot,work,False,0,0,0
1004,2,twin,standard,34,5,17,2,cloudy,warm,service,True,866,2,152
1004,2,twin,standard,34,5,19,3,cloudy,warm,work,True,57,1,0
1004,2,twin,standard,34,5,22,4,cloudy,warm,service,False,0,0,228
1004,2,twin,standard,34,5,0,5,cloudy,warm,work,True,240,0,240
1004,2,twin,standard,35,6,13,1,clear,warm,dining,True,0,0,82
1004,2,twin,standard,35,6,17,2,clear,hot,work,True,186,1,0
1004,2,twin,standard,35,6,19,3,clear,hot,work,True,0,0,0
1004,2,twin,standard,35,6,22,4,clear,warm,service,False,0,0,195
1004,2,twin,standard,35,6,24,5,cloudy,warm,shopping,True,148,0,212
1005,2,edge,standard,1,0,13,1,clear,warm,work,True,124,2,0
1005,2,edge,standard,1,0,17,2,cloudy,warm,work,True,3527,0,258
1005,2,edge,standard,1,0,19,3,clear,warm,work,True,2128,2,540
1005,2,edge,standard,1,0,22,4,cloudy,warm,work,True,0,2,290
1005,2,edge,standard,1,0,0,5,cloudy,warm,work,False,928,0,0
1005,2,edge,standard,2,1,13,1,cloudy,warm,work,True,0,0,317
1005,2,edge,standard,2,1,17,2,cloudy,warm,work,True,374,0,290
1005,2,edge,standard,2,1,19,3,cloudy,warm,service,True,1012,2,130
1005,2,edge,standard,2,1,22,4,cloudy,mild,dining,True,177,0,0
1005,2,edge,standard,2,1,24,5,cloudy,warm,service,True,1525,1,615
1005,2,edge,standard,3,2,13,1,clear,mild,work,True,0,0,0
1005,2,edge,standard,3,2,17,2,clear,warm,work,True,283,2,0
1005,2,edge,standard,3,2,19,3,cloudy,warm,service,True,0,0,245
1005,2,edge,standard,3,2,22,4,cloudy,hot,other,True,0,0,125
1005,2,edge,standard,3,2,0,5,cloudy,hot,other,True,141,2,0
1005,2,edge,standard,4,3,13,1,cloudy,warm,work,True,38,1,0
1005,2,edge,standard,4,3,17,2,cloudy,warm,work,True,407,2,726
1005,2,edge,standard,4,3,19,3,cloudy,warm,work,True,1510,0,0
1005,2,edge,standard,4,3,22,4,cloudy,warm,work,True,180,0,0
1005,2,edge,standard,4,3,24,5,clear,warm,work,True,0,0,0
1005,2,edge,standard,5,4,13,1,cloudy,mild,work,True,0,0,0
1005,2,edge,standard,5,4,17,2,clear,mild,work,True,2559,1,0
1005,2,edge,standard,5,4,19,3,cloudy,mild,work,True,1001,0,0
1005,2,edge,standard,5,4,22,4,cloudy,mild,work,True,0,1,0
1005,2,edge,standard,5,4,24,5,cloudy,hot,work,True,34,1,0
1005,2,edge,standard,6,5,13,1,cloudy,warm,service,True,0,0,240
1005,2,edge,standard,6,5,17,2,cloudy,warm,shopping,True,0,1,288
1005,2,edge,standard,6,5,19,3,clear,warm,service,True,828,2,0
1005,2,edge,standard,6,5,22,4,cloudy,mild,service,True,0,0,0
1005,2,edge,standard,6,5,24,5,cloudy,warm,work,True,0,0,575
1005,2,edge,standard,7,6,13,1,cloudy,warm,work,True,0,0,0
1005,2,edge,standard,7,6,17,2,cloudy,warm,service,True,366,0,0
1005,2,edge,standard,7,6,19,3,clear,warm,dining,True,1634,2,336
1005,2,edge,standard,7,6,22,4,cloudy,hot,service,False,379,0,0
1005,2,edge,standard,7,6,24,5,cloudy,hot,dining,True,0,2,145
1005,2,edge,standard,8,0,13,1,cloudy,mild,work,True,0,0,0
1005,2,edge,standard,8,0,17,2,cloudy,warm,work,True,853,2,0
1005,2,edge,standard,8,0,19,3,cloudy,warm,work,True,121,2,136
1005,2,edge,standard,8,0,22,4,cloudy,hot,work,True,136,0,0
1005,2,edge,standard,8,0,0,5,cloudy,hot,work,True,0,2,300
1005,2,edge,standard,9,1,13,1,clear,mild,work,True,185,1,0
1005,2,edge,standard,9,1,17,2,clear,mild,work,True,313,1,0
1005,2,edge,standard,9,1,19,3,cloudy,warm,work,True,571,0,0
1005,2,edge,standard,9,1,22,4,cloudy,warm,work,True,127,0,172
1005,2,edge,standard,9,1,24,5,clear,warm,work,True,0,2,0
1005,2,edge,standard,10,2,13,1,cloudy,mild,work,True,0,0,0
1005,2,edge,standard,10,2,17,2,cloudy,hot,work,True,396,2,0
1005,2,edge,standard,10,2,19,3,cloudy,warm,work,True,3187,1,0
1005,2,edge,standard,10,2,22,4,cloudy,hot,work,True,0,0,0
1005,2,edge,standard,10,2,0,5,clear,hot,work,True,0,0,0
1005,2,edge,standard,11,3,13,1,cloudy,mild,work,True,0,0,0
1005,2,edge,standard,11,3,17,2,bad,mild,work,True,216,0,163
1005,2,edge,standard,11,3,19,3,clear,warm,work,True,0,1,0
1005,2,edge,standard,11,3,22,4,cloudy,warm,work,False,52,0,0
1005,2,edge,standard,11,3,0,5,cloudy,warm,work,True,168,0,0
1005,2,edge,standard,12,4,13,1,cloudy,mild,work,True,1025,1,440
1005,2,edge,standard,12,4,17,2,cloudy,warm,work,True,65,0,149
1005,2,edge,standard,12,4,19,3,cloudy,warm,work,True,711,2,0
1005,2,edge,standard,12,4,22,4,cloudy,warm,service,True,150,0,410
1005,2,edge,standard,12,4,0,5,bad,hot,dining,True,609,2,0
1005,2,edge,standard,13,5,13,1,clear,warm,service,True,0,0,0
1005,2,edge,standard,13,5,17,2,clear,warm,shopping,True,793,1,0
1005,2,edge,standard,13,5,19,3,cloudy,warm,dining,True,0,0,232
1005,2,edge,standard,13,5,22,4,cloudy,hot,work,True,278,1,0
1005,2,edge,standard,13,5,24,5,cloudy,warm,shopping,True,0,1,0
1005,2,edge,standard,14,6,13,1,clear,mild,work,True,0,2,0
1005,2,edge,standard,14,6,17,2,clear,hot,service,True,0,0,0
1005,2,edge,standard,14,6,19,3,cloudy,hot,work,True,208,0,511
1005,2,edge,standard,14,6,22,4,cloudy,warm,shopping,False,725,0,0
1005,2,edge,standard,14,6,0,5,clear,warm,shopping,False,417,0,0
1005,2,edge,standard,15,0,13,1,cloudy,mild,work,True,0,0,203
1005,2,edge,standard,15,0,17,2,bad,warm,work,True,3504,1,0
1005,2,edge,standard,15,0,19,3,clear,mild,work,True,0,2,0
1005,2,edge,standard,15,0,22,4,cloudy,warm,work,True,1360,2,0
1005,2,edge,standard,15,0,24,5,cloudy,hot,work,True,0,0,260
1005,2,edge,standard,16,1,13,1,cloudy,warm,activity,True,0,0,264
1005,2,edge,standard,16,1,17,2,cloudy,warm,home,True,384,1,0
1005,2,edge,standard,16,1,19,3,cloudy,hot,work,True,145,1,0
1005,2,edge,standard,16,1,22,4,cloudy,warm,work,True,106,0,136
1005,2,edge,standard,16,1,24,5,cloudy,warm,work,True,0,0,0
1005,2,edge,standard,17,2,13,1,clear,warm,work,True,0,1,258
1005,2,edge,standard,17,2,17,2,cloudy,hot,service,False,0,0,0
1005,2,edge,standard,17,2,19,3,cloudy,hot,dining,True,142,2,28
1005,2,edge,standard,17,2,22,4,bad,hot,home,False,0,0,0
1005,2,edge,standard,17,2,0,5,cloudy,hot,activity,True,60,2,512
1005,2,edge,standard,18,3,13,1,clear,warm,work,True,12,0,379
1005,2,edge,standard,18,3,17,2,cloudy,mild,work,False,0,0,0
1005,2,edge,standard,18,3,19,3,clear,warm,work,True,312,2,0
1005,2,edge,standard,18,3,22,4,cloudy,warm,work,True,671,1,0
1005,2,edge,standard,18,3,0,5,cloudy,hot,work,True,0,0,0
1005,2,edge,standard,19,4,13,1,clear,warm,work,True,0,1,0
1005,2,edge,standard,19,4,17,2,clear,warm,work,True,0,0,160
1005,2,edge,standard,19,4,19,3,clear,warm,work,True,0,0,205
1005,2,edge,standard,19,4,22,4,cloudy,hot,work,True,56,0,0
1005,2,edge,standard,19,4,24,5,cloudy,hot,work,True,247,1,149
1005,2,edge,standard,20,5,13,1,clear,hot,shopping,True,497,2,0
1005,2,edge,standard,20,5,17,2,clear,mild,service,True,0,0,0
1005,2,edge,standard,20,5,19,3,cloudy,warm,service,True,0,2,340
1005,2,edge,standard,20,5,22,4,cloudy,warm,work,True,328,1,0
1005,2,edge,standard,20,5,0,5,cloudy,warm,activity,True,61,1,0
1005,2,edge,standard,21,6,13,1,clear,warm,work,True,0,0,328
1005,2,edge,standard,21,6,17,2,cloudy,warm,work,True,686,0,0
1005,2,edge,standard,21,6,19,3,cloudy,hot,shopping,True,0,0,378
1005,2,edge,standard,21,6,22,4,cloudy,hot,activity,True,0,0,0
1005,2,edge,standard,21,6,24,5,clear,warm,work,True,0,1,947
1005,2,edge,standard,22,0,13,1,cloudy,warm,work,True,0,2,446
1005,2,edge,standard,22,0,17,2,cloudy,warm,work,True,0,2,346
1005,2,edge,standard,22,0,19,3,cloudy,warm,work,True,0,2,0
1005,2,edge,standard,22,0,22,4,cloudy,warm,work,True,357,1,0
1005,2,edge,standard,22,0,0,5,cloudy,hot,work,True,0,0,0
1005,2,edge,standard,23,1,13,1,clear,mild,work,True,0,2,0
1005,2,edge,standard,23,1,17,2,cloudy,mild,work,True,471,0,0
1005,2,edge,standard,23,1,19,3,cloudy,warm,work,True,1119,0,348
1005,2,edge,standard,23,1,22,4,cloudy,hot,work,True,85,2,333
1005,2,edge,standard,23,1,0,5,bad,freezing,work,True,121,0,121
1005,2,edge,standard,24,2,13,1,cloudy,warm,work,False,0,0,1908
1005,2,edge,standard,24,2,17,2,clear,hot,work,True,0,2,381
1005,2,edge,standard,24,2,19,3,cloudy,hot,work,True,103,1,0
1005,2,edge,standard,24,2,22,4,cloudy,hot,work,True,149,1,203
1005,2,edge,standard,24,2,0,5,bad,hot,work,True,0,1,568
1005,2,edge,standard,25,3,13,1,clear,hot,work,True,0,0,415
1005,2,edge,standard,25,3,17,2,clear,warm,work,True,212,0,0
1005,2,edge,standard,25,3,19,3,clear,warm,work,True,372,1,0
1005,2,edge,standard,25,3,22,4,clear,warm,service,True,272,0,336
1005,2,edge,standard,25,3,0,5,cloudy,warm,other,True,415,0,0
1005,2,edge,standard,26,4,13,1,cloudy,warm,work,True,0,2,0
1005,2,edge,standard,26,4,17,2,cloudy,mild,work,True,0,0,0
1005,2,edge,standard,26,4,19,3,cloudy,warm,work,True,759,0,0
1005,2,edge,standard,26,4,22,4,cloudy,warm,service,False,114,0,301
1005,2,edge,standard,26,4,0,5,cloudy,warm,activity,True,0,0,300
1005,2,edge,standard,27,5,13,1,clear,mild,work,True,0,1,0
1005,2,edge,standard,27,5,17,2,clear,warm,work,True,131,1,318
1005,2,edge,standard,27,5,19,3,cloudy,warm,activity,True,0,1,77
1005,2,edge,standard,27,5,22,4,cloudy,hot,activity,True,577,0,0
1005,2,edge,standard,27,5,0,5,clear,hot,work,True,0,1,512
1005,2,edge,standard,28,6,13,1,cloudy,mild,work,True,0,1,402
1005,2,edge,standard,28,6,17,2,bad,mild,service,True,0,1,0
1005,2,edge,standard,28,6,19,3,cloudy,warm,work,True,32,1,500
1005,2,edge,standard,28,6,22,4,cloudy,warm,work,False,974,0,581
1005,2,edge,standard,28,6,0,5,cloudy,warm,service,True,174,1,203
1005,2,edge,standard,29,0,13,1,clear,hot,work,True,0,2,0
1005,2,edge,standard,29,0,17,2,cloudy,warm,work,True,0,0,0
1005,2,edge,standard,29,0,19,3,clear,warm,work,True,726,1,518
1005,2,edge,standard,29,0,22,4,cloudy,warm,work,True,165,1,327
1005,2,edge,standard,29,0,24,5,cloudy,warm,service,True,671,2,0
1005,2,edge,standard,30,1,13,1,cloudy,mild,work,False,219,0,0
1005,2,edge,standard,30,1,17,2,cloudy,warm,work,True,92,0,0
1005,2,edge,standard,30,1,19,3,bad,warm,work,False,228,0,0
1005,2,edge,standard,30,1,22,4,cloudy,warm,work,True,1256,2,552
1005,2,edge,standard,30,1,24,5,cloudy,mild,work,True,154,0,0
1005,2,edge,standard,31,2,13,1,clear,warm,work,True,0,2,478
1005,2,edge,standard,31,2,17,2,clear,hot,work,True,0,2,395
1005,2,edge,standard,31,2,19,3,clear,hot,work,True,0,2,0
1005,2,edge,standard,31,2,22,4,clear,warm,work,True,0,2,0
1005,2,edge,standard,31,2,0,5,clear,warm,work,False,44,0,890
1005,2,edge,standard,32,3,13,1,cloudy,warm,work,True,0,0,0
1005,2,edge,standard,32,3,17,2,cloudy,warm,work,True,0,1,0
1005,2,edge,standard,32,3,19,3,clear,hot,work,True,99,1,0
1005,2,edge,standard,32,3,22,4,clear,warm,service,True,0,1,403
1005,2,edge,standard,32,3,0,5,clear,mild,home,True,87,1,149
1005,2,edge,standard,33,4,13,1,cloudy,hot,work,True,0,1,0
1005,2,edge,standard,33,4,17,2,cloudy,hot,work,True,3412,2,0
1005,2,edge,standard,33,4,19,3,cloudy,hot,work,True,0,0,370
1005,2,edge,standard,33,4,22,4,cloudy,mild,service,True,0,0,0
1005,2,edge,standard,33,4,0,5,clear,warm,other,True,302,2,0
1005,2,edge,standard,34,5,13,1,cloudy,hot,service,True,0,0,310
1005,2,edge,standard,34,5,17,2,clear,warm,other,True,523,1,0
1005,2,edge,standard,34,5,19,3,clear,warm,work,True,526,1,514
1005,2,edge,standard,34,5,22,4,clear,warm,work,False,0,0,502
1005,2,edge,standard,34,5,0,5,cloudy,warm,service,True,146,1,0
1005,2,edge,standard,35,6,13,1,clear,warm,service,True,0,2,0
1005,2,edge,standard,35,6,17,2,cloudy,hot,service,True,916,0,336
1005,2,edge,standard,35,6,19,3,cloudy,warm,service,True,136,2,0
1005,2,edge,standard,35,6,22,4,cloudy,warm,work,False,98,0,0
1005,2,edge,standard,35,6,0,5,cloudy,mild,activity,True,86,2,252
1006,3,twin,low_activity,1,0,13,1,cloudy,mild,service,False,0,0,0
1006,3,twin,low_activity,1,0,17,2,cloudy,mild,shopping,True,0,0,0
1006,3,twin,low_activity,1,0,19,3,cloudy,warm,activity,True,0,2,0
1006,3,twin,low_activity,1,0,22,4,cloudy,warm,activity,True,0,0,124
1006,3,twin,low_activity,1,0,24,5,cloudy,warm,activity,True,122,0,0
1006,3,twin,low_activity,2,1,13,1,cloudy,warm,work,False,0,0,0
1006,3,twin,low_activity,2,1,17,2,cloudy,warm,work,False,37,0,387
1006,3,twin,low_activity,2,1,19,3,clear,warm,work,True,0,1,0
1006,3,twin,low_activity,2,1,22,4,clear,cool,dining,False,58,0,0
1006,3,twin,low_activity,2,1,24,5,clear,cool,service,True,0,2,0
1006,3,twin,low_activity,3,2,13,1,cloudy,warm,work,True,29,1,0
1006,3,twin,low_activity,3,2,17,2,cloudy,warm,activity,False,1118,0,552
1006,3,twin,low_activity,3,2,19,3,clear,warm,dining,True,0,1,65
1006,3,twin,low_activity,3,2,22,4,clear,warm,activity,False,198,0,0
1006,3,twin,low_activity,3,2,0,5,clear,warm,dining,False,69,0,0
1006,3,twin,low_activity,4,3,13,1,cloudy,mild,work,True,294,1,0
1006,3,twin,low_activity,4,3,17,2,clear,mild,shopping,True,0,0,0
1006,3,twin,low_activity,4,3,19,3,clear,warm,activity,True,0,1,0
1006,3,twin,low_activity,4,3,22,4,cloudy,warm,activity,True,10,2,0
1006,3,twin,low_activity,4,3,0,5,cloudy,warm,activity,False,0,0,0
1006,3,twin,low_activity,5,4,13,1,clear,warm,work,True,0,2,0
1006,3,twin,low_activity,5,4,17,2,clear,warm,work,True,126,1,0
1006,3,twin,low_activity,5,4,19,3,clear,warm,dining,True,47,2,22
1006,3,twin,low_activity,5,4,22,4,clear,hot,activity,True,478,0,0
1006,3,twin,low_activity,5,4,24,5,clear,hot,work,True,0,0,0
1006,3,twin,low_activity,6,5,13,1,cloudy,warm,activity,True,0,1,0
1006,3,twin,low_activity,6,5,17,2,cloudy,warm,activity,True,222,0,0
1006,3,twin,low_activity,6,5,19,3,bad,hot,activity,True,167,1,0
1006,3,twin,low_activity,6,5,22,4,cloudy,hot,activity,True,0,1,0
1006,3,twin,low_activity,6,5,24,5,cloudy,warm,activity,False,268,0,489
1006,3,twin,low_activity,7,6,13,1,cloudy,warm,activity,True,0,0,0
1006,3,twin,low_activity,7,6,17,2,clear,warm,activity,True,0,1,62
1006,3,twin,low_activity,7,6,19,3,clear,warm,work,True,0,0,0
1006,3,twin,low_activity,7,6,22,4,clear,warm,work,True,48,2,0
1006,3,twin,low_activity,7,6,0,5,cloudy,warm,work,True,0,1,0
1006,3,twin,low_activity,8,0,13,1,clear,warm,activity,False,0,0,0
1006,3,twin,low_activity,8,0,17,2,clear,warm,activity,True,180,2,913
1006,3,twin,low_activity,8,0,19,3,cloudy,hot,activity,True,25,0,73
1006,3,twin,low_activity,8,0,22,4,cloudy,hot,dining,True,12,2,0
1006,3,twin,low_activity,8,0,0,5,cloudy,hot,activity,True,300,0,0
1006,3,twin,low_activity,9,1,13,1,cloudy,hot,activity,True,0,2,0
1006,3,twin,low_activity,9,1,17,2,clear,hot,activity,True,3,2,0
1006,3,twin,low_activity,9,1,19,3,clear,hot,dining,False,125,0,0
1006,3,twin,low_activity,9,1,22,4,clear,hot,service,True,36,2,0
1006,3,twin,low_activity,9,1,24,5,clear,hot,activity,True,68,2,0
1006,3,twin,low_activity,10,2,13,1,clear,hot,service,True,0,1,0
1006,3,twin,low_activity,10,2,17,2,cloudy,hot,service,True,8,2,0
1006,3,twin,low_activity,10,2,19,3,cloudy,hot,shopping,True,0,2,10
1006,3,twin,low_activity,10,2,22,4,cloudy,hot,shopping,True,128,2,0
1006,3,twin,low_activity,10,2,24,5,cloudy,warm,dining,True,0,0,0
1006,3,twin,low_activity,11,3,13,1,cloudy,mild,dining,True,0,1,36
1006,3,twin,low_activity,11,3,17,2,cloudy,mild,service,False,167,0,0
1006,3,twin,low_activity,11,3,19,3,cloudy,warm,service,True,22,0,0
1006,3,twin,low_activity,11,3,22,4,cloudy,warm,shopping,True,1081,0,146
1006,3,twin,low_activity,11,3,0,5,cloudy,warm,activity,True,0,2,616
1006,3,twin,low_activity,12,4,13,1,clear,warm,activity,True,10,0,0
1006,3,twin,low_activity,12,4,17,2,clear,warm,dining,True,7,2,0
1006,3,twin,low_activity,12,4,19,3,clear,warm,activity,True,0,0,97
1006,3,twin,low_activity,12,4,22,4,clear,warm,dining,False,28,0,0
1006,3,twin,low_activity,12,4,24,5,clear,warm,activity,True,618,2,0
1006,3,twin,low_activity,13,5,13,1,cloudy,warm,activity,True,569,0,203
1006,3,twin,low_activity,13,5,17,2,cloudy,warm,activity,True,78,0,135
1006,3,twin,low_activity,13,5,19,3,cloudy,warm,activity,False,399,0,0
1006,3,twin,low_activity,13,5,22,4,clear,warm,activity,False,154,0,0
1006,3,twin,low_activity,13,5,0,5,cloudy,warm,activity,True,111,0,189
1006,3,twin,low_activity,14,6,13,1,cloudy,warm,activity,True,105,0,0
1006,3,twin,low_activity,14,6,17,2,cloudy,warm,activity,True,0,0,0
1006,3,twin,low_activity,14,6,19,3,cloudy,warm,work,True,0,0,0
1006,3,twin,low_activity,14,6,22,4,clear,warm,shopping,True,288,1,121
1006,3,twin,low_activity,14,6,24,5,clear,warm,activity,True,0,1,305
1006,3,twin,low_activity,15,0,13,1,clear,warm,activity,True,0,0,0
1006,3,twin,low_activity,15,0,17,2,cloudy,warm,service,True,645,1,0
1006,3,twin,low_activity,15,0,19,3,cloudy,warm,shopping,False,0,0,0
1006,3,twin,low_activity,15,0,22,4,cloudy,warm,dining,True,0,1,69
1006,3,twin,low_activity,15,0,24,5,cloudy,warm,shopping,False,92,0,0
1006,3,twin,low_activity,16,1,13,1,cloudy,warm,dining,True,0,1,0
1006,3,twin,low_activity,16,1,17,2,cloudy,warm,work,True,19,1,0
1006,3,twin,low_activity,16,1,19,3,cloudy,warm,work,True,0,2,0
1006,3,twin,low_activity,16,1,22,4,cloudy,warm,dining,True,54,1,123
1006,3,twin,low_activity,16,1,24,5,cloudy,cool,shopping,True,156,2,0
1006,3,twin,low_activity,17,2,13,1,cloudy,warm,activity,True,0,2,0
1006,3,twin,low_activity,17,2,17,2,cloudy,warm,activity,True,8,0,0
1006,3,twin,low_activity,17,2,19,3,cloudy,hot,dining,True,0,0,0
1006,3,twin,low_activity,17,2,22,4,cloudy,hot,work,True,0,0,101
1006,3,twin,low_activity,17,2,0,5,cloudy,warm,work,True,24,1,0
1006,3,twin,low_activity,18,3,13,1,cloudy,mild,work,True,0,2,0
1006,3,twin,low_activity,18,3,17,2,clear,warm,work,True,0,0,0
1006,3,twin,low_activity,18,3,19,3,clear,freezing,work,True,816,2,0
1006,3,twin,low_activity,18,3,22,4,clear,warm,activity,True,247,1,331
1006,3,twin,low_activity,18,3,24,5,cloudy,hot,activity,True,0,1,0
1006,3,twin,low_activity,19,4,13,1,clear,warm,work,True,244,0,34
1006,3,twin,low_activity,19,4,17,2,clear,warm,work,True,0,0,168
1006,3,twin,low_activity,19,4,19,3,clear,warm,activity,True,0,1,0
1006,3,twin,low_activity,19,4,22,4,clear,hot,activity,True,292,1,0
1006,3,twin,low_activity,19,4,0,5,cloudy,hot,dining,True,2095,1,34
1006,3,twin,low_activity,20,5,13,1,clear,hot,activity,True,0,1,56
1006,3,twin,low_activity,20,5,17,2,clear,warm,activity,True,27,0,0
1006,3,twin,low_activity,20,5,19,3,clear,warm,activity,True,0,1,0
1006,3,twin,low_activity,20,5,22,4,clear,warm,activity,True,298,0,0
1006,3,twin,low_activity,20,5,24,5,clear,hot,activity,True,0,2,0
1006,3,twin,low_activity,21,6,13,1,cloudy,warm,dining,True,24,2,0
1006,3,twin,low_activity,21,6,17,2,cloudy,hot,activity,True,178,0,94
1006,3,twin,low_activity,21,6,19,3,cloudy,hot,activity,True,0,0,0
1006,3,twin,low_activity,21,6,22,4,cloudy,hot,activity,True,324,2,0
1006,3,twin,low_activity,21,6,0,5,cloudy,hot,activity,False,279,0,0
1006,3,twin,low_activity,22,0,13,1,cloudy,warm,activity,False,0,0,0
1006,3,twin,low_activity,22,0,17,2,cloudy,warm,dining,True,32,0,0
1006,3,twin,low_activity,22,0,19,3,cloudy,warm,work,True,0,0,47
1006,3,twin,low_activity,22,0,22,4,cloudy,warm,dining,True,17,2,0
1006,3,twin,low_activity,22,0,24,5,cloudy,warm,service,True,0,0,0
1006,3,twin,low_activity,23,1,13,1,cloudy,mild,service,True,0,0,0
1006,3,twin,low_activity,23,1,17,2,cloudy,warm,service,True,0,0,0
1006,3,twin,low_activity,23,1,19,3,cloudy,warm,service,True,0,1,0
1006,3,twin,low_activity,23,1,22,4,cloudy,warm,service,True,157,0,151
1006,3,twin,low_activity,23,1,0,5,cloudy,warm,shopping,True,161,1,0
1006,3,twin,low_activity,24,2,13,1,cloudy,mild,activity,False,250,0,0
1006,3,twin,low_activity,24,2,17,2,clear,mild,activity,True,42,2,642
1006,3,twin,low_activity,24,2,19,3,clear,mild,activity,True,0,0,89
1006,3,twin,low_activity,24,2,22,4,clear,mild,dining,True,0,2,72
1006,3,twin,low_activity,24,2,0,5,clear,mild,activity,True,0,1,0
1006,3,twin,low_activity,25,3,13,1,clear,warm,service,True,0,2,0
1006,3,twin,low_activity,25,3,17,2,clear,hot,service,True,176,0,0
1006,3,twin,low_activity,25,3,19,3,cloudy,warm,activity,True,49,2,32
1006,3,twin,low_activity,25,3,22,4,cloudy,warm,dining,True,363,2,0
1006,3,twin,low_activity,25,3,24,5,cloudy,warm,dining,True,536,2,0
1006,3,twin,low_activity,26,4,13,1,cloudy,hot,work,True,0,0,48
1006,3,twin,low_activity,26,4,17,2,clear,hot,dining,True,143,1,14
1006,3,twin,low_activity,26,4,19,3,clear,hot,service,True,17,2,0
1006,3,twin,low_activity,26,4,22,4,clear,hot,shopping,True,0,0,0
1006,3,twin,low_activity,26,4,24,5,clear,warm,dining,False,0,0,52
1006,3,twin,low_activity,27,5,13,1,cloudy,hot,activity,True,0,0,0
1006,3,twin,low_activity,27,5,17,2,cloudy,hot,activity,True,523,2,0
1006,3,twin,low_activity,27,5,19,3,cloudy,hot,work,True,74,2,0
1006,3,twin,low_activity,27,5,22,4,cloudy,warm,work,True,533,1,0
1006,3,twin,low_activity,27,5,0,5,cloudy,warm,shopping,True,5000,0,183
1006,3,twin,low_activity,28,6,13,1,cloudy,hot,activity,True,50,1,54
1006,3,twin,low_activity,28,6,17,2,cloudy,hot,activity,True,293,0,73
1006,3,twin,low_activity,28,6,19,3,cloudy,hot,activity,True,0,0,0
1006,3,twin,low_activity,28,6,22,4,cloudy,hot,service,True,0,0,0
1006,3,twin,low_activity,28,6,0,5,cloudy,hot,shopping,True,352,0,0
1006,3,twin,low_activity,29,0,13,1,cloudy,warm,activity,True,0,1,0
1006,3,twin,low_activity,29,0,17,2,cloudy,hot,dining,True,14,0,0
1006,3,twin,low_activity,29,0,19,3,clear,hot,shopping,True,26,2,0
1006,3,twin,low_activity,29,0,22,4,clear,hot,activity,True,1399,2,0
1006,3,twin,low_activity,29,0,24,5,clear,hot,activity,True,0,2,0
1006,3,twin,low_activity,30,1,13,1,clear,warm,activity,False,0,0,0
1006,3,twin,low_activity,30,1,17,2,clear,warm,activity,True,777,0,129
1006,3,twin,low_activity,30,1,19,3,cloudy,warm,activity,True,21,0,81
1006,3,twin,low_activity,30,1,22,4,cloudy,warm,dining,True,502,0,0
1006,3,twin,low_activity,30,1,0,5,clear,warm,service,True,206,2,185
1006,3,twin,low_activity,31,2,13,1,clear,hot,activity,True,0,2,0
1006,3,twin,low_activity,31,2,17,2,clear,warm,activity,True,196,1,0
1006,3,twin,low_activity,31,2,19,3,clear,hot,dining,True,46,0,35
1006,3,twin,low_activity,31,2,22,4,cloudy,hot,work,True,0,0,0
1006,3,twin,low_activity,31,2,0,5,cloudy,hot,work,True,1687,2,0
1006,3,twin,low_activity,32,3,13,1,clear,mild,work,True,0,2,0
1006,3,twin,low_activity,32,3,17,2,clear,mild,dining,True,58,0,81
1006,3,twin,low_activity,32,3,19,3,clear,warm,shopping,False,0,0,175
1006,3,twin,low_activity,32,3,22,4,clear,hot,activity,True,51,0,0
1006,3,twin,low_activity,32,3,0,5,clear,hot,dining,True,36,0,0
1006,3,twin,low_activity,33,4,13,1,cloudy,mild,service,False,0,0,0
1006,3,twin,low_activity,33,4,17,2,cloudy,mild,shopping,True,215,2,0
1006,3,twin,low_activity,33,4,19,3,cloudy,warm,dining,True,124,1,80
1006,3,twin,low_activity,33,4,22,4,cloudy,warm,dining,True,393,0,0
1006,3,twin,low_activity,33,4,24,5,cloudy,warm,activity,True,149,2,0
1006,3,twin,low_activity,34,5,13,1,clear,cool,activity,True,4,2,182
1006,3,twin,low_activity,34,5,17,2,cloudy,mild,activity,True,91,1,57
1006,3,twin,low_activity,34,5,19,3,clear,mild,activity,True,110,2,0
1006,3,twin,low_activity,34,5,22,4,clear,mild,activity,False,13,0,485
1006,3,twin,low_activity,34,5,24,5,clear,mild,shopping,False,26,0,0
1006,3,twin,low_activity,35,6,13,1,cloudy,warm,activity,True,0,0,0
1006,3,twin,low_activity,35,6,17,2,clear,warm,activity,True,759,1,0
1006,3,twin,low_activity,35,6,19,3,cloudy,warm,activity,True,0,2,0
1006,3,twin,low_activity,35,6,22,4,cloudy,warm,activity,True,0,2,160
1006,3,twin,low_activity,35,6,24,5,cloudy,warm,activity,True,0,0,276
1006,3,twin,low_activity,36,0,13,1,cloudy,mild,work,True,330,0,0
1006,3,twin,low_activity,36,0,17,2,cloudy,warm,activity,True,183,0,84
1006,3,twin,low_activity,36,0,19,3,cloudy,warm,work,True,0,1,130
1006,3,twin,low_activity,36,0,22,4,cloudy,warm,work,True,678,0,0
1006,3,twin,low_activity,36,0,0,5,cloudy,warm,work,True,0,0,0
1006,3,twin,low_activity,37,1,13,1,cloudy,warm,work,True,19,0,0
1006,3,twin,low_activity,37,1,17,2,cloudy,hot,service,False,382,0,416
1006,3,twin,low_activity,37,1,19,3,cloudy,warm,service,False,0,0,0
1006,3,twin,low_activity,37,1,22,4,cloudy,warm,service,True,228,1,106
1006,3,twin,low_activity,37,1,24,5,cloudy,warm,shopping,True,159,0,114
1006,3,twin,low_activity,38,2,13,1,cloudy,mild,work,True,0,1,53
1006,3,twin,low_activity,38,2,17,2,clear,mild,activity,True,126,2,0
1006,3,twin,low_activity,38,2,19,3,clear,mild,activity,True,57,2,292
1006,3,twin,low_activity,38,2,22,4,cloudy,mild,work,True,314,0,130
1006,3,twin,low_activity,38,2,24,5,clear,mild,work,False,0,0,454
1007,3,twin,low_activity,1,0,13,1,cloudy,warm,activity,True,0,2,255
1007,3,twin,low_activity,1,0,17,2,clear,hot,activity,False,473,0,531
1007,3,twin,low_activity,1,0,19,3,clear,hot,work,True,82,0,48
1007,3,twin,low_activity,1,0,22,4,cloudy,hot,activity,True,0,1,0
1007,3,twin,low_activity,1,0,24,5,cloudy,hot,activity,True,808,1,0
1007,3,twin,low_activity,2,1,13,1,bad,warm,activity,False,0,0,0
1007,3,twin,low_activity,2,1,17,2,cloudy,warm,activity,False,11,0,0
1007,3,twin,low_activity,2,1,19,3,cloudy,warm,dining,True,0,1,0
1007,3,twin,low_activity,2,1,22,4,cloudy,warm,activity,True,782,0,0
1007,3,twin,low_activity,2,1,0,5,cloudy,warm,activity,False,140,0,203
1007,3,twin,low_activity,3,2,13,1,clear,warm,activity,True,0,0,0
1007,3,twin,low_activity,3,2,17,2,clear,warm,dining,True,694,1,0
1007,3,twin,low_activity,3,2,19,3,clear,warm,service,True,0,2,0
1007,3,twin,low_activity,3,2,22,4,clear,warm,shopping,False,0,0,207
1007,3,twin,low_activity,3,2,24,5,cloudy,warm,activity,True,66,0,0
1007,3,twin,low_activity,4,3,13,1,cloudy,warm,shopping,True,0,0,0
1007,3,twin,low_activity,4,3,17,2,cloudy,warm,dining,True,1202,1,89
1007,3,twin,low_activity,4,3,19,3,cloudy,warm,activity,True,0,1,0
1007,3,twin,low_activity,4,3,22,4,cloudy,warm,work,True,0,1,0
1007,3,twin,low_activity,4,3,24,5,cloudy,warm,work,False,0,0,250
1007,3,twin,low_activity,5,4,13,1,cloudy,warm,activity,True,35,2,0
1007,3,twin,low_activity,5,4,17,2,cloudy,hot,dining,True,366,0,68
1007,3,twin,low_activity,5,4,19,3,cloudy,hot,dining,True,41,1,0
1007,3,twin,low_activity,5,4,22,4,cloudy,warm,activity,True,20,0,0
1007,3,twin,low_activity,5,4,0,5,cloudy,warm,service,True,781,2,0
1007,3,twin,low_activity,6,5,13,1,cloudy,warm,activity,True,0,2,0
1007,3,twin,low_activity,6,5,17,2,cloudy,hot,activity,False,135,0,0
1007,3,twin,low_activity,6,5,19,3,cloudy,hot,service,True,0,0,0
1007,3,twin,low_activity,6,5,22,4,cloudy,warm,shopping,False,60,0,0
1007,3,twin,low_activity,6,5,24,5,clear,warm,shopping,False,0,0,0
1007,3,twin,low_activity,7,6,13,1,cloudy,warm,work,True,0,0,0
1007,3,twin,low_activity,7,6,17,2,cloudy,warm,activity,True,284,1,0
1007,3,twin,low_activity,7,6,19,3,cloudy,hot,shopping,False,0,0,0
1007,3,twin,low_activity,7,6,22,4,cloudy,hot,activity,False,18,0,0
1007,3,twin,low_activity,7,6,0,5,cloudy,hot,activity,True,138,1,0
1007,3,twin,low_activity,8,0,13,1,clear,mild,work,True,181,0,0
1007,3,twin,low_activity,8,0,17,2,clear,mild,service,True,69,2,0
1007,3,twin,low_activity,8,0,19,3,clear,warm,shopping,True,0,0,26
1007,3,twin,low_activity,8,0,22,4,clear,warm,activity,True,58,2,0
1007,3,twin,low_activity,8,0,24,5,clear,warm,service,False,216,0,415
1007,3,twin,low_activity,9,1,13,1,cloudy,warm,work,True,0,0,0
1007,3,twin,low_activity,9,1,17,2,cloudy,warm,work,True,20,0,0
1007,3,twin,low_activity,9,1,19,3,cloudy,warm,shopping,True,0,2,0
1007,3,twin,low_activity,9,1,22,4,cloudy,warm,dining,True,163,2,150
1007,3,twin,low_activity,9,1,24,5,cloudy,warm,dining,True,0,0,0
1007,3,twin,low_activity,10,2,13,1,cloudy,mild,activity,True,0,2,254
1007,3,twin,low_activity,10,2,17,2,cloudy,warm,work,True,126,2,0
1007,3,twin,low_activity,10,2,19,3,clear,warm,activity,True,73,0,118
1007,3,twin,low_activity,10,2,22,4,clear,hot,activity,True,58,0,171
1007,3,twin,low_activity,10,2,0,5,cloudy,hot,activity,True,0,1,50
1007,3,twin,low_activity,11,3,13,1,clear,mild,shopping,True,0,0,0
1007,3,twin,low_activity,11,3,17,2,clear,warm,activity,True,0,0,0
1007,3,twin,low_activity,11,3,19,3,clear,mild,activity,True,0,2,0
1007,3,twin,low_activity,11,3,22,4,clear,mild,dining,False,97,0,253
1007,3,twin,low_activity,11,3,0,5,clear,mild,work,True,0,1,0
1007,3,twin,low_activity,12,4,13,1,clear,warm,service,True,126,2,130
1007,3,twin,low_activity,12,4,17,2,clear,warm,dining,True,0,2,0
1007,3,twin,low_activity,12,4,19,3,clear,warm,work,True,0,0,0
1007,3,twin,low_activity,12,4,22,4,clear,warm,dining,True,116,2,0
1007,3,twin,low_activity,12,4,0,5,cloudy,warm,activity,True,92,1,0
1007,3,twin,low_activity,13,5,13,1,cloudy,warm,dining,True,0,0,21
1007,3,twin,low_activity,13,5,17,2,clear,warm,activity,True,235,2,855
1007,3,twin,low_activity,13,5,19,3,clear,cool,activity,True,0,0,0
1007,3,twin,low_activity,13,5,22,4,clear,cool,activity,False,518,0,0
1007,3,twin,low_activity,13,5,0,5,clear,cool,activity,True,119,0,0
1007,3,twin,low_activity,14,6,13,1,clear,cool,activity,True,0,1,33
1007,3,twin,low_activity,14,6,17,2,cloudy,mild,activity,True,0,2,0
1007,3,twin,low_activity,14,6,19,3,cloudy,warm,activity,True,0,0,0
1007,3,twin,low_activity,14,6,22,4,clear,warm,work,True,97,0,0
1007,3,twin,low_activity,14,6,24,5,clear,warm,activity,True,69,0,0
1007,3,twin,low_activity,15,0,13,1,clear,warm,service,True,0,1,0
1007,3,twin,low_activity,15,0,17,2,clear,warm,service,False,9,0,0
1007,3,twin,low_activity,15,0,19,3,cloudy,warm,service,True,19,1,0
1007,3,twin,low_activity,15,0,22,4,clear,warm,service,True,0,0,0
1007,3,twin,low_activity,15,0,24,5,clear,warm,service,False,0,0,0
1007,3,twin,low_activity,16,1,13,1,bad,warm,service,True,0,0,0
1007,3,twin,low_activity,16,1,17,2,cloudy,warm,service,True,7,1,0
1007,3,twin,low_activity,16,1,19,3,cloudy,warm,dining,True,0,0,0
1007,3,twin,low_activity,16,1,22,4,cloudy,hot,activity,True,0,1,0
1007,3,twin,low_activity,16,1,24,5,cloudy,hot,activity,False,89,0,0
1007,3,twin,low_activity,17,2,13,1,clear,warm,work,True,0,0,0
1007,3,twin,low_activity,17,2,17,2,cloudy,hot,work,True,0,0,0
1007,3,twin,low_activity,17,2,19,3,cloudy,warm,work,True,1530,0,0
1007,3,twin,low_activity,17,2,22,4,cloudy,warm,work,True,156,0,0
1007,3,twin,low_activity,17,2,24,5,clear,warm,work,True,35,0,0
1007,3,twin,low_activity,18,3,13,1,cloudy,hot,shopping,True,0,1,0
1007,3,twin,low_activity,18,3,17,2,cloudy,hot,shopping,True,0,2,0
1007,3,twin,low_activity,18,3,19,3,cloudy,hot,shopping,True,290,2,0
1007,3,twin,low_activity,18,3,22,4,cloudy,hot,activity,False,903,0,343
1007,3,twin,low_activity,18,3,24,5,cloudy,warm,activity,True,0,1,0
1007,3,twin,low_activity,19,4,13,1,cloudy,warm,work,True,0,2,0
1007,3,twin,low_activity,19,4,17,2,cloudy,warm,activity,True,528,1,0
1007,3,twin,low_activity,19,4,19,3,clear,warm,activity,True,82,0,0
1007,3,twin,low_activity,19,4,22,4,clear,hot,activity,True,0,0,134
1007,3,twin,low_activity,19,4,0,5,clear,warm,dining,False,229,0,404
1007,3,twin,low_activity,20,5,13,1,cloudy,warm,activity,True,0,1,0
1007,3,twin,low_activity,20,5,17,2,clear,warm,activity,True,184,2,0
1007,3,twin,low_activity,20,5,19,3,clear,warm,activity,True,0,1,0
1007,3,twin,low_activity,20,5,22,4,clear,mild,activity,True,42,1,0
1007,3,twin,low_activity,20,5,0,5,clear,warm,activity,True,59,0,0
1007,3,twin,low_activity,21,6,13,1,clear,hot,activity,True,123,0,0
1007,3,twin,low_activity,21,6,17,2,clear,warm,dining,True,24,1,0
1007,3,twin,low_activity,21,6,19,3,clear,warm,activity,True,0,1,0
1007,3,twin,low_activity,21,6,22,4,cloudy,warm,work,True,0,0,0
1007,3,twin,low_activity,21,6,0,5,cloudy,warm,activity,True,90,0,0
1007,3,twin,low_activity,22,0,13,1,clear,warm,activity,False,0,0,30
1007,3,twin,low_activity,22,0,17,2,clear,warm,activity,True,152,2,0
1007,3,twin,low_activity,22,0,19,3,clear,hot,activity,True,151,1,0
1007,3,twin,low_activity,22,0,22,4,clear,warm,activity,True,0,0,0
1007,3,twin,low_activity,22,0,24,5,clear,warm,work,True,235,0,0
1007,3,twin,low_activity,23,1,13,1,clear,hot,shopping,True,0,0,0
1007,3,twin,low_activity,23,1,17,2,clear,hot,dining,True,351,0,0
1007,3,twin,low_activity,23,1,19,3,clear,hot,service,False,0,0,187
1007,3,twin,low_activity,23,1,22,4,clear,hot,shopping,True,412,0,0
1007,3,twin,low_activity,23,1,24,5,clear,warm,dining,True,646,1,33
1007,3,twin,low_activity,24,2,13,1,clear,mild,activity,True,0,2,0
1007,3,twin,low_activity,24,2,17,2,clear,mild,service,False,392,0,614
1007,3,twin,low_activity,24,2,19,3,cloudy,mild,service,True,0,0,38
1007,3,twin,low_activity,24,2,22,4,cloudy,warm,service,False,395,0,297
1007,3,twin,low_activity,24,2,24,5,cloudy,warm,service,False,23,0,0
1007,3,twin,low_activity,25,3,13,1,clear,mild,work,True,173,0,0
1007,3,twin,low_activity,25,3,17,2,cloudy,mild,dining,True,23,0,0
1007,3,twin,low_activity,25,3,19,3,cloudy,mild,work,True,0,0,0
1007,3,twin,low_activity,25,3,22,4,cloudy,mild,work,True,0,1,0
1007,3,twin,low_activity,25,3,0,5,cloudy,warm,activity,True,0,2,0
1007,3,twin,low_activity,26,4,13,1,cloudy,mild,service,False,0,0,0
1007,3,twin,low_activity,26,4,17,2,cloudy,mild,service,True,0,2,0
1007,3,twin,low_activity,26,4,19,3,cloudy,warm,service,True,68,2,0
1007,3,twin,low_activity,26,4,22,4,cloudy,warm,service,False,38,0,158
1007,3,twin,low_activity,26,4,0,5,cloudy,hot,shopping,True,173,0,43
1007,3,twin,low_activity,27,5,13,1,cloudy,warm,activity,True,0,1,118
1007,3,twin,low_activity,27,5,17,2,cloudy,warm,activity,True,5,2,0
1007,3,twin,low_activity,27,5,19,3,cloudy,warm,activity,False,0,0,0
1007,3,twin,low_activity,27,5,22,4,cloudy,hot,activity,True,180,1,0
1007,3,twin,low_activity,27,5,0,5,cloudy,hot,activity,False,0,0,0
1007,3,twin,low_activity,28,6,13,1,clear,hot,activity,True,0,0,0
1007,3,twin,low_activity,28,6,17,2,cloudy,hot,activity,True,23,2,0
1007,3,twin,low_activity,28,6,19,3,cloudy,hot,activity,True,483,2,0
1007,3,twin,low_activity,28,6,22,4,cloudy,warm,activity,True,131,0,0
1007,3,twin,low_activity,28,6,24,5,cloudy,warm,activity,True,107,1,37
1007,3,twin,low_activity,29,0,13,1,cloudy,mild,work,True,0,0,0
1007,3,twin,low_activity,29,0,17,2,cloudy,mild,activity,True,41,1,0
1007,3,twin,low_activity,29,0,19,3,cloudy,mild,dining,True,0,0,0
1007,3,twin,low_activity,29,0,22,4,clear,mild,work,True,184,1,0
1007,3,twin,low_activity,29,0,0,5,clear,mild,service,False,0,0,0
1007,3,twin,low_activity,30,1,13,1,clear,mild,work,True,0,0,24
1007,3,twin,low_activity,30,1,17,2,clear,warm,work,True,0,2,0
1007,3,twin,low_activity,30,1,19,3,clear,cool,work,True,340,2,140
1007,3,twin,low_activity,30,1,22,4,clear,mild,dining,True,0,0,159
1007,3,twin,low_activity,30,1,24,5,clear,mild,activity,False,0,0,550
1007,3,twin,low_activity,31,2,13,1,clear,warm,work,True,5,2,0
1007,3,twin,low_activity,31,2,17,2,cloudy,mild,dining,True,34,1,0
1007,3,twin,low_activity,31,2,19,3,clear,mild,work,True,0,0,0
1007,3,twin,low_activity,31,2,22,4,clear,mild,activity,False,0,0,0
1007,3,twin,low_activity,31,2,24,5,cloudy,mild,activity,True,374,1,0
1007,3,twin,low_activity,32,3,13,1,cloudy,warm,dining,True,0,1,0
1007,3,twin,low_activity,32,3,17,2,cloudy,warm,activity,True,16,2,0
1007,3,twin,low_activity,32,3,19,3,cloudy,warm,activity,True,3531,2,0
1007,3,twin,low_activity,32,3,22,4,cloudy,warm,dining,True,887,0,110
1007,3,twin,low_activity,32,3,0,5,cloudy,cool,activity,True,0,0,102
1007,3,twin,low_activity,33,4,13,1,clear,warm,work,True,0,2,0
1007,3,twin,low_activity,33,4,17,2,clear,warm,work,True,755,1,220
1007,3,twin,low_activity,33,4,19,3,clear,warm,work,True,0,1,134
1007,3,twin,low_activity,33,4,22,4,clear,warm,dining,False,72,0,0
1007,3,twin,low_activity,33,4,24,5,cloudy,warm,activity,True,0,0,0
1007,3,twin,low_activity,34,5,13,1,cloudy,mild,activity,True,0,0,31
1007,3,twin,low_activity,34,5,17,2,cloudy,mild,activity,True,34,0,0
1007,3,twin,low_activity,34,5,19,3,cloudy,warm,activity,True,64,1,0
1007,3,twin,low_activity,34,5,22,4,cloudy,hot,activity,True,0,1,71
1007,3,twin,low_activity,34,5,24,5,clear,hot,activity,True,0,1,0
1007,3,twin,low_activity,35,6,13,1,cloudy,mild,dining,True,0,0,0
1007,3,twin,low_activity,35,6,17,2,cloudy,mild,dining,False,192,0,0
1007,3,twin,low_activity,35,6,19,3,cloudy,mild,service,True,0,2,194
1007,3,twin,low_activity,35,6,22,4,clear,warm,shopping,True,68,2,0
1007,3,twin,low_activity,35,6,24,5,clear,warm,activity,True,0,1,0
1007,3,twin,low_activity,36,0,13,1,clear,warm,work,True,0,0,0
1007,3,twin,low_activity,36,0,17,2,clear,warm,work,True,235,1,0
1007,3,twin,low_activity,36,0,19,3,clear,hot,shopping,False,335,0,429
1007,3,twin,low_activity,36,0,22,4,clear,hot,shopping,True,19,0,107
1007,3,twin,low_activity,36,0,0,5,clear,hot,dining,False,17,0,299
1007,3,twin,low_activity,37,1,13,1,cloudy,hot,work,True,0,1,0
1007,3,twin,low_activity,37,1,17,2,cloudy,hot,work,True,79,1,102
1007,3,twin,low_activity,37,1,19,3,cloudy,hot,dining,True,0,2,20
1007,3,twin,low_activity,37,1,22,4,clear,hot,dining,True,2454,0,0
1007,3,twin,low_activity,37,1,0,5,clear,hot,dining,True,0,1,0
1007,3,twin,low_activity,38,2,13,1,cloudy,warm,service,True,0,2,0
1007,3,twin,low_activity,38,2,17,2,cloudy,hot,shopping,False,42,0,0
1007,3,twin,low_activity,38,2,19,3,cloudy,warm,shopping,True,0,1,0
1007,3,twin,low_activity,38,2,22,4,cloudy,warm,dining,True,289,1,0
1007,3,twin,low_activity,38,2,24,5,cloudy,hot,activity,True,0,2,0
1008,3,edge,low_activity,1,0,10,1,clear,mild,shopping,True,0,0,0
1008,3,edge,low_activity,1,0,14,2,clear,warm,shopping,True,181,2,0
1008,3,edge,low_activity,1,0,16,3,clear,warm,shopping,True,0,0,0
1008,3,edge,low_activity,1,0,19,4,clear,warm,activity,True,545,1,621
1008,3,edge,low_activity,1,0,21,5,clear,warm,activity,True,0,2,98
1008,3,edge,low_activity,2,1,10,1,cloudy,hot,work,True,0,2,0
1008,3,edge,low_activity,2,1,14,2,cloudy,hot,work,True,598,1,0
1008,3,edge,low_activity,2,1,16,3,cloudy,warm,work,True,247,1,0
1008,3,edge,low_activity,2,1,19,4,cloudy,warm,work,False,0,0,0
1008,3,edge,low_activity,2,1,21,5,cloudy,warm,dining,False,0,0,0
1008,3,edge,low_activity,3,2,10,1,cloudy,hot,work,True,296,1,33
1008,3,edge,low_activity,3,2,14,2,cloudy,warm,work,True,160,2,762
1008,3,edge,low_activity,3,2,16,3,cloudy,warm,work,True,2353,0,82
1008,3,edge,low_activity,3,2,19,4,cloudy,warm,work,True,0,0,0
1008,3,edge,low_activity,3,2,21,5,cloudy,hot,shopping,True,0,1,0
1008,3,edge,low_activity,4,3,10,1,cloudy,warm,work,True,0,0,0
1008,3,edge,low_activity,4,3,14,2,cloudy,warm,work,True,801,0,0
1008,3,edge,low_activity,4,3,16,3,cloudy,warm,service,True,0,1,0
1008,3,edge,low_activity,4,3,19,4,cloudy,warm,service,True,0,2,200
1008,3,edge,low_activity,4,3,21,5,cloudy,warm,service,False,0,0,0
1008,3,edge,low_activity,5,4,10,1,cloudy,hot,work,True,44,1,40
1008,3,edge,low_activity,5,4,14,2,cloudy,warm,work,True,153,2,0
1008,3,edge,low_activity,5,4,16,3,cloudy,warm,dining,True,0,2,0
1008,3,edge,low_activity,5,4,19,4,cloudy,warm,service,False,181,0,0
1008,3,edge,low_activity,5,4,21,5,cloudy,warm,service,True,0,1,0
1008,3,edge,low_activity,6,5,10,1,clear,mild,activity,True,0,0,0
1008,3,edge,low_activity,6,5,14,2,clear,warm,work,True,122,1,0
1008,3,edge,low_activity,6,5,16,3,clear,hot,activity,True,2862,2,0
1008,3,edge,low_activity,6,5,19,4,clear,hot,activity,True,32,0,244
1008,3,edge,low_activity,6,5,21,5,clear,warm,activity,True,0,1,0
1008,3,edge,low_activity,7,6,10,1,cloudy,hot,shopping,False,0,0,0
1008,3,edge,low_activity,7,6,14,2,cloudy,warm,shopping,True,2252,0,0
1008,3,edge,low_activity,7,6,16,3,cloudy,warm,activity,True,247,0,117
1008,3,edge,low_activity,7,6,19,4,cloudy,warm,activity,True,239,0,457
1008,3,edge,low_activity,7,6,21,5,cloudy,hot,activity,True,93,0,0
1008,3,edge,low_activity,8,0,10,1,cloudy,mild,activity,True,63,0,0
1008,3,edge,low_activity,8,0,14,2,cloudy,mild,dining,True,162,2,0
1008,3,edge,low_activity,8,0,16,3,cloudy,mild,shopping,False,0,0,0
1008,3,edge,low_activity,8,0,19,4,clear,warm,activity,False,37,0,0
1008,3,edge,low_activity,8,0,21,5,clear,hot,activity,True,0,2,0
1008,3,edge,low_activity,9,1,10,1,cloudy,warm,service,True,0,2,0
1008,3,edge,low_activity,9,1,14,2,cloudy,warm,service,True,227,0,350
1008,3,edge,low_activity,9,1,16,3,cloudy,warm,shopping,True,215,0,0
1008,3,edge,low_activity,9,1,19,4,cloudy,warm,shopping,True,5000,2,0
1008,3,edge,low_activity,9,1,21,5,cloudy,warm,activity,True,244,0,0
1008,3,edge,low_activity,10,2,10,1,cloudy,mild,work,True,0,0,0
1008,3,edge,low_activity,10,2,14,2,cloudy,warm,shopping,True,2005,2,0
1008,3,edge,low_activity,10,2,16,3,cloudy,warm,activity,True,3707,0,0
1008,3,edge,low_activity,10,2,19,4,clear,mild,activity,True,0,0,154
1008,3,edge,low_activity,10,2,21,5,clear,warm,activity,True,64,1,138
1008,3,edge,low_activity,11,3,10,1,cloudy,warm,work,False,0,0,58
1008,3,edge,low_activity,11,3,14,2,cloudy,hot,work,True,39,0,0
1008,3,edge,low_activity,11,3,16,3,cloudy,hot,activity,True,0,0,0
1008,3,edge,low_activity,11,3,19,4,cloudy,warm,work,False,101,0,464
1008,3,edge,low_activity,11,3,21,5,cloudy,warm,work,False,751,0,608
1008,3,edge,low_activity,12,4,10,1,clear,warm,dining,True,0,2,0
1008,3,edge,low_activity,12,4,14,2,clear,warm,dining,True,62,1,0
1008,3,edge,low_activity,12,4,16,3,clear,mild,service,True,97,1,0
1008,3,edge,low_activity,12,4,19,4,cloudy,mild,service,True,0,2,0
1008,3,edge,low_activity,12,4,21,5,cloudy,warm,service,True,31,1,0
1008,3,edge,low_activity,13,5,10,1,clear,mild,activity,True,446,1,0
1008,3,edge,low_activity,13,5,14,2,cloudy,mild,activity,True,477,0,0
1008,3,edge,low_activity,13,5,16,3,cloudy,warm,work,True,989,1,0
1008,3,edge,low_activity,13,5,19,4,cloudy,warm,work,True,5000,1,0
1008,3,edge,low_activity,13,5,21,5,cloudy,warm,activity,True,0,2,0
1008,3,edge,low_activity,14,6,10,1,cloudy,mild,activity,True,0,2,0
1008,3,edge,low_activity,14,6,14,2,cloudy,mild,shopping,True,567,0,0
1008,3,edge,low_activity,14,6,16,3,clear,mild,activity,True,0,0,0
1008,3,edge,low_activity,14,6,19,4,clear,warm,activity,True,25,2,0
1008,3,edge,low_activity,14,6,21,5,clear,warm,activity,True,1118,0,0
1008,3,edge,low_activity,15,0,10,1,clear,mild,work,True,155,0,0
1008,3,edge,low_activity,15,0,14,2,clear,mild,dining,True,78,1,0
1008,3,edge,low_activity,15,0,16,3,clear,mild,work,True,285,0,0
1008,3,edge,low_activity,15,0,19,4,clear,mild,service,False,106,0,0
1008,3,edge,low_activity,15,0,21,5,cloudy,mild,service,False,519,0,0
1008,3,edge,low_activity,16,1,10,1,cloudy,mild,work,True,93,1,22
1008,3,edge,low_activity,16,1,14,2,cloudy,mild,work,True,73,0,0
1008,3,edge,low_activity,16,1,16,3,cloudy,mild,work,True,0,0,275
1008,3,edge,low_activity,16,1,19,4,cloudy,warm,work,False,722,0,0
1008,3,edge,low_activity,16,1,21,5,cloudy,warm,activity,True,143,0,0
1008,3,edge,low_activity,17,2,10,1,cloudy,warm,work,True,0,2,0
1008,3,edge,low_activity,17,2,14,2,cloudy,warm,work,True,906,0,0
1008,3,edge,low_activity,17,2,16,3,cloudy,warm,activity,True,0,0,0
1008,3,edge,low_activity,17,2,19,4,cloudy,warm,activity,True,0,1,0
1008,3,edge,low_activity,17,2,21,5,cloudy,warm,activity,True,0,1,0
1008,3,edge,low_activity,18,3,10,1,cloudy,warm,work,True,35,2,0
1008,3,edge,low_activity,18,3,14,2,cloudy,warm,work,True,52,0,0
1008,3,edge,low_activity,18,3,16,3,cloudy,warm,work,True,0,0,0
1008,3,edge,low_activity,18,3,19,4,cloudy,warm,work,True,74,1,0
1008,3,edge,low_activity,18,3,21,5,cloudy,mild,work,True,0,2,0
1008,3,edge,low_activity,19,4,10,1,cloudy,warm,work,True,0,1,0
1008,3,edge,low_activity,19,4,14,2,cloudy,warm,work,False,1385,0,0
1008,3,edge,low_activity,19,4,16,3,clear,warm,work,True,0,0,0
1008,3,edge,low_activity,19,4,19,4,cloudy,warm,work,True,18,2,0
1008,3,edge,low_activity,19,4,21,5,cloudy,mild,work,True,0,2,12
1008,3,edge,low_activity,20,5,10,1,clear,warm,activity,True,0,2,240
1008,3,edge,low_activity,20,5,14,2,clear,warm,activity,True,205,0,0
1008,3,edge,low_activity,20,5,16,3,clear,mild,work,True,0,1,243
1008,3,edge,low_activity,20,5,19,4,cloudy,mild,shopping,True,0,2,134
1008,3,edge,low_activity,20,5,21,5,cloudy,mild,activity,False,0,0,909
1008,3,edge,low_activity,21,6,10,1,cloudy,warm,dining,True,23,1,0
1008,3,edge,low_activity,21,6,14,2,cloudy,warm,dining,False,467,0,969
1008,3,edge,low_activity,21,6,16,3,cloudy,mild,dining,False,0,0,0
1008,3,edge,low_activity,21,6,19,4,cloudy,mild,activity,True,32,2,0
1008,3,edge,low_activity,21,6,21,5,cloudy,mild,activity,True,0,0,0
1008,3,edge,low_activity,22,0,10,1,cloudy,mild,service,True,0,2,0
1008,3,edge,low_activity,22,0,14,2,clear,mild,shopping,True,0,2,0
1008,3,edge,low_activity,22,0,16,3,clear,warm,dining,True,0,0,0
1008,3,edge,low_activity,22,0,19,4,cloudy,warm,service,False,687,0,559
1008,3,edge,low_activity,22,0,21,5,clear,warm,service,False,0,0,531
1008,3,edge,low_activity,23,1,10,1,cloudy,warm,dining,True,0,1,1
1008,3,edge,low_activity,23,1,14,2,cloudy,warm,service,True,28,1,0
1008,3,edge,low_activity,23,1,16,3,cloudy,warm,activity,True,0,2,124
1008,3,edge,low_activity,23,1,19,4,cloudy,warm,activity,True,488,1,514
1008,3,edge,low_activity,23,1,21,5,cloudy,hot,dining,True,0,1,0
1008,3,edge,low_activity,24,2,10,1,cloudy,warm,work,True,0,2,0
1008,3,edge,low_activity,24,2,14,2,clear,hot,shopping,True,19,1,0
1008,3,edge,low_activity,24,2,16,3,cloudy,warm,dining,True,0,2,0
1008,3,edge,low_activity,24,2,19,4,cloudy,warm,dining,True,136,2,0
1008,3,edge,low_activity,24,2,21,5,cloudy,warm,activity,False,0,0,0
1008,3,edge,low_activity,25,3,10,1,cloudy,warm,activity,True,0,1,0
1008,3,edge,low_activity,25,3,14,2,cloudy,warm,work,True,107,0,0
1008,3,edge,low_activity,25,3,16,3,cloudy,hot,activity,True,285,1,0
1008,3,edge,low_activity,25,3,19,4,cloudy,warm,activity,True,68,2,0
1008,3,edge,low_activity,25,3,21,5,cloudy,warm,dining,True,0,1,0
1008,3,edge,low_activity,26,4,10,1,cloudy,hot,activity,True,0,0,0
1008,3,edge,low_activity,26,4,14,2,cloudy,hot,dining,True,0,1,0
1008,3,edge,low_activity,26,4,16,3,cloudy,hot,service,True,137,0,0
1008,3,edge,low_activity,26,4,19,4,cloudy,hot,home,True,1479,0,317
1008,3,edge,low_activity,26,4,21,5,cloudy,hot,home,True,0,0,209
1008,3,edge,low_activity,27,5,10,1,clear,hot,shopping,True,0,0,47
1008,3,edge,low_activity,27,5,14,2,cloudy,hot,shopping,True,0,2,125
1008,3,edge,low_activity,27,5,16,3,cloudy,hot,activity,True,0,1,621
1008,3,edge,low_activity,27,5,19,4,cloudy,hot,activity,False,860,0,0
1008,3,edge,low_activity,27,5,21,5,cloudy,warm,dining,False,5000,0,0
1008,3,edge,low_activity,28,6,10,1,clear,mild,activity,True,94,0,0
1008,3,edge,low_activity,28,6,14,2,clear,mild,activity,True,1191,0,0
1008,3,edge,low_activity,28,6,16,3,clear,mild,service,False,0,0,0
1008,3,edge,low_activity,28,6,19,4,cloudy,warm,shopping,False,1245,0,0
1008,3,edge,low_activity,28,6,21,5,cloudy,warm,shopping,True,0,1,0
1008,3,edge,low_activity,29,0,10,1,cloudy,warm,activity,True,0,0,0
1008,3,edge,low_activity,29,0,14,2,cloudy,warm,activity,True,409,0,0
1008,3,edge,low_activity,29,0,16,3,cloudy,warm,activity,True,542,0,170
1008,3,edge,low_activity,29,0,19,4,cloudy,warm,work,True,0,1,0
1008,3,edge,low_activity,29,0,21,5,cloudy,warm,work,True,35,0,0
1008,3,edge,low_activity,30,1,10,1,clear,mild,work,True,0,1,0
1008,3,edge,low_activity,30,1,14,2,clear,mild,work,True,176,0,0
1008,3,edge,low_activity,30,1,16,3,cloudy,mild,service,True,0,0,0
1008,3,edge,low_activity,30,1,19,4,cloudy,warm,service,False,295,0,0
1008,3,edge,low_activity,30,1,21,5,clear,warm,shopping,True,0,0,0
1008,3,edge,low_activity,31,2,10,1,cloudy,warm,shopping,True,27,2,133
1008,3,edge,low_activity,31,2,14,2,cloudy,warm,shopping,True,124,2,0
1008,3,edge,low_activity,31,2,16,3,cloudy,warm,activity,True,169,0,0
1008,3,edge,low_activity,31,2,19,4,cloudy,warm,dining,True,350,1,411
1008,3,edge,low_activity,31,2,21,5,cloudy,warm,service,True,2955,0,0
1008,3,edge,low_activity,32,3,10,1,clear,mild,shopping,True,0,1,0
1008,3,edge,low_activity,32,3,14,2,cloudy,mild,dining,True,268,1,135
1008,3,edge,low_activity,32,3,16,3,cloudy,warm,work,True,470,0,0
1008,3,edge,low_activity,32,3,19,4,clear,warm,work,True,80,1,0
1008,3,edge,low_activity,32,3,21,5,clear,warm,dining,True,276,0,0
1008,3,edge,low_activity,33,4,10,1,clear,warm,work,True,0,1,0
1008,3,edge,low_activity,33,4,14,2,clear,warm,work,False,0,0,0
1008,3,edge,low_activity,33,4,16,3,clear,freezing,work,True,0,1,173
1008,3,edge,low_activity,33,4,19,4,clear,warm,dining,False,88,0,462
1008,3,edge,low_activity,33,4,21,5,clear,warm,dining,True,293,2,0
1008,3,edge,low_activity,34,5,10,1,clear,hot,shopping,True,55,2,0
1008,3,edge,low_activity,34,5,14,2,clear,hot,shopping,True,0,0,0
1008,3,edge,low_activity,34,5,16,3,cloudy,hot,activity,True,81,0,0
1008,3,edge,low_activity,34,5,19,4,cloudy,warm,shopping,False,31,0,0
1008,3,edge,low_activity,34,5,21,5,cloudy,hot,shopping,True,119,2,14
1008,3,edge,low_activity,35,6,10,1,cloudy,warm,activity,True,264,2,0
1008,3,edge,low_activity,35,6,14,2,cloudy,warm,work,True,572,2,0
1008,3,edge,low_activity,35,6,16,3,cloudy,warm,work,True,76,2,0
1008,3,edge,low_activity,35,6,19,4,cloudy,warm,shopping,False,113,0,332
1008,3,edge,low_activity,35,6,21,5,clear,warm,shopping,False,2089,0,1025
1008,3,edge,low_activity,36,0,10,1,cloudy,mild,work,True,0,0,0
1008,3,edge,low_activity,36,0,14,2,cloudy,warm,work,False,121,0,0
1008,3,edge,low_activity,36,0,16,3,cloudy,warm,shopping,True,521,2,0
1008,3,edge,low_activity,36,0,19,4,clear,warm,activity,False,242,0,0
1008,3,edge,low_activity,36,0,21,5,clear,warm,work,False,799,0,0
1008,3,edge,low_activity,37,1,10,1,clear,warm,activity,True,412,1,125
1008,3,edge,low_activity,37,1,14,2,clear,freezing,dining,True,2336,2,0
1008,3,edge,low_activity,37,1,16,3,clear,warm,activity,True,49,2,0
1008,3,edge,low_activity,37,1,19,4,clear,warm,activity,False,78,0,694
1008,3,edge,low_activity,37,1,21,5,clear,warm,activity,True,416,1,0
1008,3,edge,low_activity,38,2,10,1,cloudy,mild,activity,True,0,0,0
1008,3,edge,low_activity,38,2,14,2,cloudy,mild,activity,True,481,2,0
1008,3,edge,low_activity,38,2,16,3,cloudy,mild,activity,False,22,0,174
1008,3,edge,low_activity,38,2,19,4,clear,warm,activity,True,0,2,430
1008,3,edge,low_activity,38,2,21,5,clear,hot,activity,True,0,0,0
