uid,source_uid,variant_type,archetype,study_day,weekday,hr,slot,weather,temp,loc,avail,steps30pre,send,steps10
1000,1,twin,high_activity,1,0,10,1,cloudy,mild,work,True,0,2,0
1000,1,twin,high_activity,1,0,14,2,clear,warm,home,True,158,1,260
1000,1,twin,high_activity,1,0,16,3,clear,mild,dining,True,168,2,558
1000,1,twin,high_activity,1,0,19,4,cloudy,mild,work,True,312,2,753
1000,1,twin,high_activity,1,0,21,5,cloudy,warm,work,True,0,1,0
1000,1,twin,high_activity,2,1,10,1,clear,hot,dining,True,0,2,0
1000,1,twin,high_activity,2,1,14,2,clear,hot,work,True,384,2,436
1000,1,twin,high_activity,2,1,16,3,cloudy,hot,work,True,147,1,604
1000,1,twin,high_activity,2,1,19,4,cloudy,hot,work,True,482,0,257
1000,1,twin,high_activity,2,1,21,5,clear,hot,work,True,0,0,375
1000,1,twin,high_activity,3,2,10,1,clear,hot,work,True,0,2,0
1000,1,twin,high_activity,3,2,14,2,clear,warm,work,True,72,0,526
1000,1,twin,high_activity,3,2,16,3,clear,warm,home,True,19,0,170
1000,1,twin,high_activity,3,2,19,4,cloudy,warm,home,True,102,1,273
1000,1,twin,high_activity,3,2,21,5,clear,hot,work,True,0,1,338
1000,1,twin,high_activity,4,3,10,1,clear,mild,work,True,0,1,0
1000,1,twin,high_activity,4,3,14,2,clear,warm,home,True,482,0,698
1000,1,twin,high_activity,4,3,16,3,clear,hot,work,True,552,2,896
1000,1,twin,high_activity,4,3,19,4,cloudy,warm,work,True,313,1,284
1000,1,twin,high_activity,4,3,21,5,cloudy,warm,home,True,0,2,186
1000,1,twin,high_activity,5,4,10,1,clear,warm,work,True,0,2,0
1000,1,twin,high_activity,5,4,14,2,clear,hot,home,True,0,0,423
1000,1,twin,high_activity,5,4,16,3,cloudy,hot,shopping,True,175,2,600
1000,1,twin,high_activity,5,4,19,4,clear,hot,activity,False,1704,0,1172
1000,1,twin,high_activity,5,4,21,5,clear,hot,home,True,1269,2,703
1000,1,twin,high_activity,6,5,10,1,clear,warm,home,True,0,0,0
1000,1,twin,high_activity,6,5,14,2,cloudy,warm,home,True,81,0,429
1000,1,twin,high_activity,6,5,16,3,clear,warm,home,True,0,1,175
1000,1,twin,high_activity,6,5,19,4,clear,hot,home,True,179,2,539
1000,1,twin,high_activity,6,5,21,5,clear,hot,home,True,203,0,345
1000,1,twin,high_activity,7,6,10,1,clear,warm,home,True,0,1,0
1000,1,twin,high_activity,7,6,14,2,cloudy,warm,dining,True,0,2,0
1000,1,twin,high_activity,7,6,16,3,clear,warm,shopping,True,5000,0,520
1000,1,twin,high_activity,7,6,19,4,clear,hot,shopping,True,26,2,462
1000,1,twin,high_activity,7,6,21,5,clear,hot,dining,True,60,2,520
1000,1,twin,high_activity,8,0,10,1,cloudy,warm,home,True,0,0,0
1000,1,twin,high_activity,8,0,14,2,cloudy,warm,home,True,155,2,325
1000,1,twin,high_activity,8,0,16,3,clear,warm,home,True,384,0,387
1000,1,twin,high_activity,8,0,19,4,clear,hot,home,True,14,2,147
1000,1,twin,high_activity,8,0,21,5,cloudy,hot,work,True,218,1,245
1000,1,twin,high_activity,9,1,10,1,cloudy,hot,work,True,0,1,0
1000,1,twin,high_activity,9,1,14,2,clear,hot,home,True,131,0,482
1000,1,twin,high_activity,9,1,16,3,cloudy,hot,home,True,2768,2,547
1000,1,twin,high_activity,9,1,19,4,cloudy,hot,work,True,535,0,280
1000,1,twin,high_activity,9,1,21,5,clear,hot,home,False,230,0,616
1000,1,twin,high_activity,10,2,10,1,clear,mild,work,True,26,0,112
1000,1,twin,high_activity,10,2,14,2,clear,warm,work,True,223,2,543
1000,1,twin,high_activity,10,2,16,3,clear,hot,home,True,0,1,125
1000,1,twin,high_activity,10,2,19,4,cloudy,hot,home,True,241,0,309
1000,1,twin,high_activity,10,2,21,5,clear,warm,shopping,True,212,1,402
1000,1,twin,high_activity,11,3,10,1,clear,hot,home,True,87,0,151
1000,1,twin,high_activity,11,3,14,2,clear,warm,work,True,168,2,397
1000,1,twin,high_activity,11,3,16,3,clear,warm,home,True,328,2,475
1000,1,twin,high_activity,11,3,19,4,clear,hot,home,True,65,0,222
1000,1,twin,high_activity,11,3,21,5,clear,hot,home,True,837,1,489
1000,1,twin,high_activity,12,4,10,1,cloudy,warm,work,True,0,2,0
1000,1,twin,high_activity,12,4,14,2,cloudy,hot,work,True,987,0,1041
1000,1,twin,high_activity,12,4,16,3,cloudy,hot,work,True,92,0,258
1000,1,twin,high_activity,12,4,19,4,cloudy,hot,work,True,38,2,312
1000,1,twin,high_activity,12,4,21,5,clear,warm,home,True,98,1,297
1000,1,twin,high_activity,13,5,10,1,cloudy,cool,home,True,0,1,0
1000,1,twin,high_activity,13,5,14,2,clear,warm,home,True,2934,0,2471
1000,1,twin,high_activity,13,5,16,3,clear,warm,home,True,65,1,258
1000,1,twin,high_activity,13,5,19,4,clear,warm,home,True,42,2,327
1000,1,twin,high_activity,13,5,21,5,clear,warm,dining,True,48,0,362
1000,1,twin,high_activity,14,6,10,1,clear,cool,shopping,True,0,2,0
1000,1,twin,high_activity,14,6,14,2,cloudy,warm,dining,True,0,0,0
1000,1,twin,high_activity,14,6,16,3,cloudy,warm,home,True,135,2,180
1000,1,twin,high_activity,14,6,19,4,clear,warm,home,False,78,0,327
1000,1,twin,high_activity,14,6,21,5,clear,warm,home,True,293,0,520
1000,1,twin,high_activity,15,0,10,1,cloudy,warm,dining,True,6,2,0
1000,1,twin,high_activity,15,0,14,2,cloudy,warm,home,True,208,0,276
1000,1,twin,high_activity,15,0,16,3,cloudy,mild,home,True,100,1,138
1000,1,twin,high_activity,15,0,19,4,clear,hot,work,True,119,0,227
1000,1,twin,high_activity,15,0,21,5,clear,hot,work,True,391,1,369
1000,1,twin,high_activity,16,1,10,1,clear,mild,home,True,0,0,0
1000,1,twin,high_activity,16,1,14,2,cloudy,warm,home,True,420,2,364
1000,1,twin,high_activity,16,1,16,3,cloudy,warm,home,True,59,2,243
1000,1,twin,high_activity,16,1,19,4,cloudy,warm,shopping,True,32,2,0
1000,1,twin,high_activity,16,1,21,5,cloudy,warm,service,False,2643,0,2136
1000,1,twin,high_activity,17,2,10,1,clear,mild,home,True,0,2,0
1000,1,twin,high_activity,17,2,14,2,cloudy,warm,service,True,62,1,264
1000,1,twin,high_activity,17,2,16,3,cloudy,hot,home,True,479,1,300
1000,1,twin,high_activity,17,2,19,4,cloudy,hot,work,True,244,1,218
1000,1,twin,high_activity,17,2,21,5,clear,hot,work,True,0,2,0
1000,1,twin,high_activity,18,3,10,1,cloudy,mild,home,True,0,1,0
1000,1,twin,high_activity,18,3,14,2,clear,hot,home,True,0,2,0
1000,1,twin,high_activity,18,3,16,3,cloudy,hot,home,True,0,2,0
1000,1,twin,high_activity,18,3,19,4,cloudy,hot,shopping,True,133,0,245
1000,1,twin,high_activity,18,3,21,5,clear,hot,service,False,159,0,1063
1000,1,twin,high_activity,19,4,10,1,clear,warm,shopping,True,0,2,0
1000,1,twin,high_activity,19,4,14,2,cloudy,warm,service,True,21,0,284
1000,1,twin,high_activity,19,4,16,3,clear,warm,activity,True,719,2,880
1000,1,twin,high_activity,19,4,19,4,cloudy,hot,home,True,541,1,208
1000,1,twin,high_activity,19,4,21,5,cloudy,hot,home,True,76,0,385
1000,1,twin,high_activity,20,5,10,1,cloudy,hot,home,True,0,0,0
1000,1,twin,high_activity,20,5,14,2,cloudy,warm,home,True,367,0,228
1000,1,twin,high_activity,20,5,16,3,clear,warm,home,True,594,2,318
1000,1,twin,high_activity,20,5,19,4,clear,warm,home,True,1435,2,337
1000,1,twin,high_activity,20,5,21,5,clear,warm,home,True,0,2,0
1000,1,twin,high_activity,21,6,10,1,cloudy,warm,home,True,0,1,0
1000,1,twin,high_activity,21,6,14,2,cloudy,cold,shopping,True,303,2,140
1000,1,twin,high_activity,21,6,16,3,cloudy,warm,shopping,True,1144,0,820
1000,1,twin,high_activity,21,6,19,4,cloudy,warm,shopping,True,433,0,426
1000,1,twin,high_activity,21,6,21,5,clear,warm,service,False,1833,0,1136
1000,1,twin,high_activity,22,0,10,1,cloudy,warm,work,True,0,2,0
1000,1,twin,high_activity,22,0,14,2,clear,hot,work,True,206,1,300
1000,1,twin,high_activity,22,0,16,3,clear,warm,work,True,387,0,410
1000,1,twin,high_activity,22,0,19,4,clear,hot,home,True,35,1,130
1000,1,twin,high_activity,22,0,21,5,clear,hot,activity,True,348,2,645
1000,1,twin,high_activity,23,1,10,1,cloudy,warm,dining,True,0,0,0
1000,1,twin,high_activity,23,1,14,2,clear,warm,work,True,26,2,72
1000,1,twin,high_activity,23,1,16,3,clear,warm,work,True,390,0,424
1000,1,twin,high_activity,23,1,19,4,cloudy,warm,home,True,2480,2,443
1000,1,twin,high_activity,23,1,21,5,cloudy,hot,home,True,5000,1,508
1000,1,twin,high_activity,24,2,10,1,clear,hot,home,True,0,0,0
1000,1,twin,high_activity,24,2,14,2,clear,hot,shopping,True,18,2,0
1000,1,twin,high_activity,24,2,16,3,clear,warm,service,True,205,1,240
1000,1,twin,high_activity,24,2,19,4,clear,warm,home,True,124,2,272
1000,1,twin,high_activity,24,2,21,5,cloudy,hot,shopping,True,0,0,380
1000,1,twin,high_activity,25,3,10,1,cloudy,mild,work,True,0,0,0
1000,1,twin,high_activity,25,3,14,2,cloudy,warm,work,True,15,2,0
1000,1,twin,high_activity,25,3,16,3,clear,hot,home,True,34,2,0
1000,1,twin,high_activity,25,3,19,4,clear,hot,home,True,923,0,680
1000,1,twin,high_activity,25,3,21,5,clear,hot,home,True,302,1,297
1000,1,twin,high_activity,26,4,10,1,clear,hot,home,True,0,2,0
1000,1,twin,high_activity,26,4,14,2,cloudy,warm,work,True,126,0,320
1000,1,twin,high_activity,26,4,16,3,cloudy,warm,work,True,131,2,0
1000,1,twin,high_activity,26,4,19,4,cloudy,warm,home,True,32,0,280
1000,1,twin,high_activity,26,4,21,5,cloudy,warm,dining,False,0,0,0
1000,1,twin,high_activity,27,5,10,1,clear,warm,shopping,True,0,1,0
1000,1,twin,high_activity,27,5,14,2,clear,warm,shopping,True,33,1,0
1000,1,twin,high_activity,27,5,16,3,clear,warm,service,True,306,2,0
1000,1,twin,high_activity,27,5,19,4,clear,hot,service,True,110,0,270
1000,1,twin,high_activity,27,5,21,5,clear,hot,service,True,774,2,418
1000,1,twin,high_activity,28,6,10,1,clear,warm,home,True,0,0,110
1000,1,twin,high_activity,28,6,14,2,clear,warm,home,True,1166,2,355
1000,1,twin,high_activity,28,6,16,3,clear,warm,home,True,0,1,0
1000,1,twin,high_activity,28,6,19,4,clear,warm,home,True,7,1,0
1000,1,twin,high_activity,28,6,21,5,cloudy,warm,home,True,0,2,113
1000,1,twin,high_activity,29,0,10,1,cloudy,cool,dining,True,0,1,0
1000,1,twin,high_activity,29,0,14,2,cloudy,mild,work,False,36,0,53
1000,1,twin,high_activity,29,0,16,3,cloudy,hot,work,True,1864,0,1314
1000,1,twin,high_activity,29,0,19,4,cloudy,hot,home,True,890,0,552
1000,1,twin,high_activity,29,0,21,5,cloudy,hot,home,True,50,2,243
1000,1,twin,high_activity,30,1,10,1,cloudy,hot,work,True,203,0,259
1000,1,twin,high_activity,30,1,14,2,clear,hot,work,True,0,0,532
1000,1,twin,high_activity,30,1,16,3,clear,hot,work,False,84,0,720
1000,1,twin,high_activity,30,1,19,4,clear,hot,service,True,887,0,602
1000,1,twin,high_activity,30,1,21,5,clear,hot,activity,True,1690,2,970
1000,1,twin,high_activity,31,2,10,1,cloudy,cool,home,True,131,1,250
1000,1,twin,high_activity,31,2,14,2,clear,freezing,home,True,110,2,144
1000,1,twin,high_activity,31,2,16,3,clear,hot,dining,True,81,0,673
1000,1,twin,high_activity,31,2,19,4,clear,hot,work,True,2087,0,1521
1000,1,twin,high_activity,31,2,21,5,cloudy,warm,home,True,0,2,86
1000,1,twin,high_activity,32,3,10,1,bad,warm,work,True,0,2,0
1000,1,twin,high_activity,32,3,14,2,bad,warm,home,True,99,1,0
1000,1,twin,high_activity,32,3,16,3,bad,warm,home,True,0,1,0
1000,1,twin,high_activity,32,3,19,4,cloudy,warm,dining,True,213,1,139
1000,1,twin,high_activity,32,3,21,5,cloudy,warm,home,True,0,2,0
1000,1,twin,high_activity,33,4,10,1,cloudy,cool,home,True,0,0,0
1000,1,twin,high_activity,33,4,14,2,cloudy,cool,work,True,31,1,0
1000,1,twin,high_activity,33,4,16,3,clear,hot,home,True,61,0,218
1000,1,twin,high_activity,33,4,19,4,clear,hot,shopping,True,23,1,0
1000,1,twin,high_activity,33,4,21,5,cloudy,hot,service,True,792,1,297
1000,1,twin,high_activity,34,5,10,1,clear,hot,dining,False,0,0,73
1000,1,twin,high_activity,34,5,14,2,clear,hot,home,True,45,0,238
1000,1,twin,high_activity,34,5,16,3,clear,hot,home,True,101,1,115
1000,1,twin,high_activity,34,5,19,4,cloudy,hot,home,True,1556,1,203
1000,1,twin,high_activity,34,5,21,5,cloudy,hot,home,True,0,2,97
1000,1,twin,high_activity,35,6,10,1,cloudy,hot,service,True,0,2,0
1000,1,twin,high_activity,35,6,14,2,cloudy,warm,service,True,246,0,568
1000,1,twin,high_activity,35,6,16,3,cloudy,warm,dining,True,9,1,0
1000,1,twin,high_activity,35,6,19,4,cloudy,warm,shopping,True,568,0,446
1000,1,twin,high_activity,35,6,21,5,cloudy,warm,service,True,97,1,235
1001,1,twin,high_activity,1,0,10,1,cloudy,warm,dining,True,0,2,0
1001,1,twin,high_activity,1,0,14,2,cloudy,warm,work,True,60,1,339
1001,1,twin,high_activity,1,0,16,3,cloudy,hot,work,True,1919,1,826
1001,1,twin,high_activity,1,0,19,4,bad,warm,home,True,163,0,284
1001,1,twin,high_activity,1,0,21,5,cloudy,warm,work,True,0,1,400
1001,1,twin,high_activity,2,1,10,1,cloudy,hot,home,True,0,1,0
1001,1,twin,high_activity,2,1,14,2,cloudy,hot,home,True,0,1,162
1001,1,twin,high_activity,2,1,16,3,clear,warm,dining,True,31,2,500
1001,1,twin,high_activity,2,1,19,4,clear,warm,home,True,568,2,583
1001,1,twin,high_activity,2,1,21,5,clear,warm,work,True,269,1,826
1001,1,twin,high_activity,3,2,10,1,clear,hot,home,True,0,2,0
1001,1,twin,high_activity,3,2,14,2,cloudy,hot,work,True,31,2,0
1001,1,twin,high_activity,3,2,16,3,cloudy,hot,home,True,43,2,240
1001,1,twin,high_activity,3,2,19,4,cloudy,hot,service,True,36,0,118
1001,1,twin,high_activity,3,2,21,5,bad,hot,work,True,3262,2,597
1001,1,twin,high_activity,4,3,10,1,clear,mild,home,True,4,1,0
1001,1,twin,high_activity,4,3,14,2,clear,warm,shopping,False,44,0,52
1001,1,twin,high_activity,4,3,16,3,clear,warm,shopping,True,0,0,64
1001,1,twin,high_activity,4,3,19,4,clear,warm,shopping,True,363,2,520
1001,1,twin,high_activity,4,3,21,5,cloudy,warm,service,True,0,2,280
1001,1,twin,high_activity,5,4,10,1,cloudy,hot,home,True,0,2,0
1001,1,twin,high_activity,5,4,14,2,cloudy,hot,activity,False,22,0,638
1001,1,twin,high_activity,5,4,16,3,cloudy,warm,home,True,150,2,414
1001,1,twin,high_activity,5,4,19,4,clear,warm,home,True,421,0,261
1001,1,twin,high_activity,5,4,21,5,clear,cold,home,True,0,0,531
1001,1,twin,high_activity,6,5,10,1,cloudy,hot,shopping,False,0,0,39
1001,1,twin,high_activity,6,5,14,2,cloudy,warm,dining,True,148,2,539
1001,1,twin,high_activity,6,5,16,3,cloudy,warm,home,True,542,1,432
1001,1,twin,high_activity,6,5,19,4,cloudy,hot,home,True,212,0,865
1001,1,twin,high_activity,6,5,21,5,clear,hot,home,True,3941,2,665
1001,1,twin,high_activity,7,6,10,1,clear,warm,home,True,144,0,194
1001,1,twin,high_activity,7,6,14,2,clear,warm,home,False,211,0,683
1001,1,twin,high_activity,7,6,16,3,clear,hot,home,True,0,0,746
1001,1,twin,high_activity,7,6,19,4,clear,hot,home,True,138,1,227
1001,1,twin,high_activity,7,6,21,5,clear,hot,home,True,513,2,665
1001,1,twin,high_activity,8,0,10,1,cloudy,warm,home,False,0,0,194
1001,1,twin,high_activity,8,0,14,2,cloudy,hot,home,True,232,0,695
1001,1,twin,high_activity,8,0,16,3,clear,hot,work,True,21,0,258
1001,1,twin,high_activity,8,0,19,4,cloudy,hot,home,True,315,1,327
1001,1,twin,high_activity,8,0,21,5,cloudy,hot,shopping,True,77,2,665
1001,1,twin,high_activity,9,1,10,1,clear,mild,home,True,0,2,0
1001,1,twin,high_activity,9,1,14,2,clear,hot,home,True,0,1,0
1001,1,twin,high_activity,9,1,16,3,cloudy,warm,shopping,True,25,2,0
1001,1,twin,high_activity,9,1,19,4,cloudy,warm,service,True,168,1,280
1001,1,twin,high_activity,9,1,21,5,cloudy,warm,home,True,0,1,0
1001,1,twin,high_activity,10,2,10,1,clear,hot,home,True,0,1,0
1001,1,twin,high_activity,10,2,14,2,cloudy,warm,work,True,25,2,0
1001,1,twin,high_activity,10,2,16,3,clear,warm,dining,True,0,2,0
1001,1,twin,high_activity,10,2,19,4,clear,hot,work,True,410,1,315
1001,1,twin,high_activity,10,2,21,5,clear,hot,home,True,154,2,520
1001,1,twin,high_activity,11,3,10,1,cloudy,warm,home,True,0,2,0
1001,1,twin,high_activity,11,3,14,2,cloudy,warm,dining,True,0,0,191
1001,1,twin,high_activity,11,3,16,3,clear,warm,work,True,343,2,845
1001,1,twin,high_activity,11,3,19,4,clear,hot,work,True,257,1,259
1001,1,twin,high_activity,11,3,21,5,clear,hot,home,True,231,0,581
1001,1,twin,high_activity,12,4,10,1,cloudy,warm,home,True,0,0,0
1001,1,twin,high_activity,12,4,14,2,cloudy,warm,home,False,30,0,520
1001,1,twin,high_activity,12,4,16,3,cloudy,warm,work,True,10,1,114
1001,1,twin,high_activity,12,4,19,4,cloudy,warm,work,False,42,0,134
1001,1,twin,high_activity,12,4,21,5,cloudy,mild,work,True,0,2,0
1001,1,twin,high_activity,13,5,10,1,cloudy,warm,home,True,0,1,0
1001,1,twin,high_activity,13,5,14,2,cloudy,warm,home,True,4674,2,269
1001,1,twin,high_activity,13,5,16,3,cloudy,warm,shopping,True,463,0,206
1001,1,twin,high_activity,13,5,19,4,cloudy,hot,dining,True,1254,1,180
1001,1,twin,high_activity,13,5,21,5,cloudy,hot,home,True,583,0,625
1001,1,twin,high_activity,14,6,10,1,cloudy,hot,home,True,0,1,0
1001,1,twin,high_activity,14,6,14,2,clear,hot,home,True,64,1,228
1001,1,twin,high_activity,14,6,16,3,cloudy,hot,dining,True,0,0,101
1001,1,twin,high_activity,14,6,19,4,cloudy,hot,shopping,True,245,0,288
1001,1,twin,high_activity,14,6,21,5,cloudy,warm,dining,True,122,2,343
1001,1,twin,high_activity,15,0,10,1,cloudy,warm,home,True,0,0,0
1001,1,twin,high_activity,15,0,14,2,cloudy,warm,home,True,12,2,145
1001,1,twin,high_activity,15,0,16,3,clear,warm,work,True,0,2,0
1001,1,twin,high_activity,15,0,19,4,cloudy,warm,dining,True,290,1,146
1001,1,twin,high_activity,15,0,21,5,cloudy,warm,work,True,0,2,0
1001,1,twin,high_activity,16,1,10,1,cloudy,mild,home,True,0,2,0
1001,1,twin,high_activity,16,1,14,2,cloudy,hot,dining,True,0,2,0
1001,1,twin,high_activity,16,1,16,3,cloudy,hot,home,True,55,0,350
1001,1,twin,high_activity,16,1,19,4,cloudy,hot,home,True,724,0,746
1001,1,twin,high_activity,16,1,21,5,cloudy,warm,work,True,3551,0,446
1001,1,twin,high_activity,17,2,10,1,clear,mild,home,True,0,0,246
1001,1,twin,high_activity,17,2,14,2,clear,cold,home,True,23,0,400
1001,1,twin,high_activity,17,2,16,3,cloudy,warm,service,True,245,2,273
1001,1,twin,high_activity,17,2,19,4,clear,warm,service,True,98,1,287
1001,1,twin,high_activity,17,2,21,5,clear,warm,activity,True,435,1,416
1001,1,twin,high_activity,18,3,10,1,cloudy,hot,work,True,0,1,0
1001,1,twin,high_activity,18,3,14,2,clear,hot,home,True,168,1,306
1001,1,twin,high_activity,18,3,16,3,clear,hot,dining,True,69,2,312
1001,1,twin,high_activity,18,3,19,4,clear,hot,work,True,187,0,360
1001,1,twin,high_activity,18,3,21,5,cloudy,hot,home,True,2382,1,445
1001,1,twin,high_activity,19,4,10,1,cloudy,hot,service,True,0,1,0
1001,1,twin,high_activity,19,4,14,2,cloudy,hot,home,True,97,1,297
1001,1,twin,high_activity,19,4,16,3,cloudy,warm,home,True,78,1,297
1001,1,twin,high_activity,19,4,19,4,cloudy,mild,work,True,1173,0,882
1001,1,twin,high_activity,19,4,21,5,bad,warm,dining,True,348,0,476
1001,1,twin,high_activity,20,5,10,1,cloudy,warm,home,True,0,0,101
1001,1,twin,high_activity,20,5,14,2,cloudy,hot,service,True,816,2,300
1001,1,twin,high_activity,20,5,16,3,cloudy,hot,service,True,208,1,410
1001,1,twin,high_activity,20,5,19,4,cloudy,hot,service,True,230,0,312
1001,1,twin,high_activity,20,5,21,5,cloudy,hot,service,True,28,0,375
1001,1,twin,high_activity,21,6,10,1,cloudy,warm,shopping,True,0,1,0
1001,1,twin,high_activity,21,6,14,2,clear,warm,service,True,46,1,0
1001,1,twin,high_activity,21,6,16,3,cloudy,warm,service,True,685,1,297
1001,1,twin,high_activity,21,6,19,4,cloudy,cold,dining,True,1342,0,347
1001,1,twin,high_activity,21,6,21,5,clear,mild,shopping,True,1438,1,342
1001,1,twin,high_activity,22,0,10,1,cloudy,warm,work,True,0,1,0
1001,1,twin,high_activity,22,0,14,2,cloudy,hot,dining,True,34,0,430
1001,1,twin,high_activity,22,0,16,3,clear,hot,work,True,0,2,0
1001,1,twin,high_activity,22,0,19,4,clear,hot,home,True,282,2,308
1001,1,twin,high_activity,22,0,21,5,clear,hot,home,True,1270,0,695
1001,1,twin,high_activity,23,1,10,1,bad,cold,home,True,0,0,105
1001,1,twin,high_activity,23,1,14,2,bad,warm,work,True,91,0,0
1001,1,twin,high_activity,23,1,16,3,cloudy,warm,home,True,53,0,210
1001,1,twin,high_activity,23,1,19,4,clear,warm,work,True,118,1,152
1001,1,twin,high_activity,23,1,21,5,clear,hot,home,True,193,2,368
1001,1,twin,high_activity,24,2,10,1,cloudy,hot,home,True,0,2,0
1001,1,twin,high_activity,24,2,14,2,cloudy,warm,home,True,418,0,660
1001,1,twin,high_activity,24,2,16,3,cloudy,warm,home,True,241,2,364
1001,1,twin,high_activity,24,2,19,4,bad,warm,work,True,16,0,306
1001,1,twin,high_activity,24,2,21,5,cloudy,warm,home,True,141,0,473
1001,1,twin,high_activity,25,3,10,1,cloudy,hot,home,True,0,0,0
1001,1,twin,high_activity,25,3,14,2,cloudy,warm,home,True,98,0,455
1001,1,twin,high_activity,25,3,16,3,cloudy,warm,dining,True,16,0,82
1001,1,twin,high_activity,25,3,19,4,cloudy,warm,work,True,5000,1,219
1001,1,twin,high_activity,25,3,21,5,clear,warm,work,True,30,1,0
1001,1,twin,high_activity,26,4,10,1,clear,warm,home,True,0,2,0
1001,1,twin,high_activity,26,4,14,2,clear,warm,work,True,87,1,280
1001,1,twin,high_activity,26,4,16,3,clear,warm,work,True,243,0,234
1001,1,twin,high_activity,26,4,19,4,clear,warm,home,True,17,1,131
1001,1,twin,high_activity,26,4,21,5,cloudy,warm,home,False,1149,0,1168
1001,1,twin,high_activity,27,5,10,1,clear,warm,shopping,True,0,1,0
1001,1,twin,high_activity,27,5,14,2,clear,warm,shopping,True,53,2,135
1001,1,twin,high_activity,27,5,16,3,cloudy,warm,dining,True,0,2,0
1001,1,twin,high_activity,27,5,19,4,cloudy,hot,shopping,True,55,0,66
1001,1,twin,high_activity,27,5,21,5,clear,hot,dining,True,1018,1,297
1001,1,twin,high_activity,28,6,10,1,cloudy,hot,shopping,True,18,1,0
1001,1,twin,high_activity,28,6,14,2,cloudy,warm,service,True,195,0,369
1001,1,twin,high_activity,28,6,16,3,clear,hot,dining,True,102,0,160
1001,1,twin,high_activity,28,6,19,4,clear,hot,shopping,False,318,0,305
1001,1,twin,high_activity,28,6,21,5,clear,hot,dining,True,324,0,539
1001,1,twin,high_activity,29,0,10,1,clear,cool,home,True,3,2,0
1001,1,twin,high_activity,29,0,14,2,cloudy,warm,home,True,0,1,0
1001,1,twin,high_activity,29,0,16,3,cloudy,warm,work,True,296,0,160
1001,1,twin,high_activity,29,0,19,4,cloudy,mild,work,True,54,0,120
1001,1,twin,high_activity,29,0,21,5,clear,hot,service,True,75,0,617
1001,1,twin,high_activity,30,1,10,1,cloudy,hot,home,True,0,0,0
1001,1,twin,high_activity,30,1,14,2,cloudy,hot,work,True,172,2,437
1001,1,twin,high_activity,30,1,16,3,bad,hot,work,True,29,1,0
1001,1,twin,high_activity,30,1,19,4,bad,hot,work,True,126,2,256
1001,1,twin,high_activity,30,1,21,5,cloudy,hot,service,True,597,0,371
1001,1,twin,high_activity,31,2,10,1,clear,warm,home,True,0,2,0
1001,1,twin,high_activity,31,2,14,2,clear,warm,work,True,40,0,271
1001,1,twin,high_activity,31,2,16,3,clear,mild,home,True,3330,0,2323
1001,1,twin,high_activity,31,2,19,4,clear,mild,work,True,274,2,425
1001,1,twin,high_activity,31,2,21,5,clear,hot,home,True,130,0,548
1001,1,twin,high_activity,32,3,10,1,clear,warm,home,True,0,0,0
1001,1,twin,high_activity,32,3,14,2,clear,warm,work,True,192,2,328
1001,1,twin,high_activity,32,3,16,3,clear,warm,home,True,91,2,364
1001,1,twin,high_activity,32,3,19,4,cloudy,warm,shopping,True,0,1,0
1001,1,twin,high_activity,32,3,21,5,clear,hot,service,True,0,2,0
1001,1,twin,high_activity,33,4,10,1,clear,warm,home,True,14,0,0
1001,1,twin,high_activity,33,4,14,2,cloudy,mild,work,True,117,0,300
1001,1,twin,high_activity,33,4,16,3,cloudy,warm,home,False,0,0,539
1001,1,twin,high_activity,33,4,19,4,clear,warm,home,True,17,1,0
1001,1,twin,high_activity,33,4,21,5,clear,warm,home,True,0,1,0
1001,1,twin,high_activity,34,5,10,1,cloudy,hot,dining,True,0,0,0
1001,1,twin,high_activity,34,5,14,2,cloudy,hot,home,True,38,0,370
1001,1,twin,high_activity,34,5,16,3,clear,warm,home,True,284,1,196
1001,1,twin,high_activity,34,5,19,4,cloudy,warm,service,True,41,2,196
1001,1,twin,high_activity,34,5,21,5,bad,mild,dining,True,277,1,0
1001,1,twin,high_activity,35,6,10,1,cloudy,hot,home,True,0,0,0
1001,1,twin,high_activity,35,6,14,2,clear,hot,shopping,True,642,0,545
1001,1,twin,high_activity,35,6,16,3,cloudy,hot,service,True,755,1,315
1001,1,twin,high_activity,35,6,19,4,clear,hot,dining,False,25,0,133
1001,1,twin,high_activity,35,6,21,5,clear,hot,shopping,True,132,2,100
1002,1,edge,high_activity,1,0,14,1,cloudy,hot,service,True,0,0,0
1002,1,edge,high_activity,1,0,18,2,cloudy,hot,activity,False,23,0,53
1002,1,edge,high_activity,1,0,20,3,clear,hot,home,True,345,2,460
1002,1,edge,high_activity,1,0,23,4,clear,warm,home,True,44,2,365
1002,1,edge,high_activity,1,0,1,5,clear,warm,home,False,2691,0,2366
1002,1,edge,high_activity,2,1,14,1,clear,warm,shopping,True,0,2,0
1002,1,edge,high_activity,2,1,18,2,cloudy,hot,service,True,107,1,375
1002,1,edge,high_activity,2,1,20,3,cloudy,hot,service,True,156,0,155
1002,1,edge,high_activity,2,1,23,4,cloudy,hot,service,True,1041,1,420
1002,1,edge,high_activity,2,1,1,5,cloudy,warm,work,True,56,0,537
1002,1,edge,high_activity,3,2,14,1,clear,hot,dining,True,0,2,0
1002,1,edge,high_activity,3,2,18,2,cloudy,warm,home,True,140,2,481
1002,1,edge,high_activity,3,2,20,3,cloudy,hot,work,True,2589,2,570
1002,1,edge,high_activity,3,2,23,4,clear,hot,work,True,133,0,242
1002,1,edge,high_activity,3,2,1,5,clear,warm,work,True,0,2,0
1002,1,edge,high_activity,4,3,14,1,clear,mild,dining,True,0,1,0
1002,1,edge,high_activity,4,3,18,2,clear,mild,home,True,81,2,450
1002,1,edge,high_activity,4,3,20,3,clear,warm,home,True,110,1,416
1002,1,edge,high_activity,4,3,23,4,cloudy,warm,activity,False,553,0,517
1002,1,edge,high_activity,4,3,1,5,cloudy,warm,home,True,49,2,532
1002,1,edge,high_activity,5,4,14,1,cloudy,hot,home,True,0,0,151
1002,1,edge,high_activity,5,4,18,2,cloudy,hot,home,True,124,0,500
1002,1,edge,high_activity,5,4,20,3,clear,hot,home,True,64,2,600
1002,1,edge,high_activity,5,4,23,4,clear,warm,work,True,53,0,700
1002,1,edge,high_activity,5,4,1,5,cloudy,warm,home,True,13,1,196
1002,1,edge,high_activity,6,5,14,1,cloudy,hot,home,True,0,1,0
1002,1,edge,high_activity,6,5,18,2,cloudy,hot,home,True,203,1,512
1002,1,edge,high_activity,6,5,20,3,clear,warm,home,True,0,2,180
1002,1,edge,high_activity,6,5,23,4,clear,warm,home,True,4,0,109
1002,1,edge,high_activity,6,5,1,5,cloudy,warm,dining,True,167,0,546
1002,1,edge,high_activity,7,6,14,1,cloudy,warm,dining,True,0,0,0
1002,1,edge,high_activity,7,6,18,2,clear,warm,home,True,487,0,753
1002,1,edge,high_activity,7,6,20,3,clear,warm,home,True,26,0,635
1002,1,edge,high_activity,7,6,23,4,clear,warm,home,True,67,0,323
1002,1,edge,high_activity,7,6,1,5,cloudy,warm,home,True,191,2,665
1002,1,edge,high_activity,8,0,14,1,cloudy,mild,home,True,0,0,0
1002,1,edge,high_activity,8,0,18,2,cloudy,warm,work,True,180,2,309
1002,1,edge,high_activity,8,0,20,3,clear,warm,home,True,51,0,332
1002,1,edge,high_activity,8,0,23,4,clear,warm,dining,True,259,0,326
1002,1,edge,high_activity,8,0,1,5,clear,warm,work,True,281,0,892
1002,1,edge,high_activity,9,1,14,1,clear,mild,home,True,5,2,0
1002,1,edge,high_activity,9,1,18,2,clear,warm,service,True,931,0,928
1002,1,edge,high_activity,9,1,20,3,cloudy,mild,home,True,378,1,410
1002,1,edge,high_activity,9,1,23,4,clear,mild,dining,True,140,1,283
1002,1,edge,high_activity,9,1,1,5,cloudy,warm,work,True,158,2,722
1002,1,edge,high_activity,10,2,14,1,clear,warm,home,True,2,0,561
1002,1,edge,high_activity,10,2,18,2,clear,hot,dining,True,543,0,690
1002,1,edge,high_activity,10,2,20,3,cloudy,hot,home,True,20,2,400
1002,1,edge,high_activity,10,2,23,4,cloudy,warm,work,True,15,2,500
1002,1,edge,high_activity,10,2,1,5,cloudy,warm,home,True,27,2,400
1002,1,edge,high_activity,11,3,14,1,cloudy,hot,dining,True,0,0,81
1002,1,edge,high_activity,11,3,18,2,cloudy,hot,work,True,145,0,804
1002,1,edge,high_activity,11,3,20,3,clear,hot,service,False,0,0,208
1002,1,edge,high_activity,11,3,23,4,clear,hot,activity,True,66,2,956
1002,1,edge,high_activity,11,3,1,5,clear,hot,home,True,291,0,1028
1002,1,edge,high_activity,12,4,14,1,clear,hot,work,True,0,1,0
1002,1,edge,high_activity,12,4,18,2,cloudy,hot,work,True,39,0,810
1002,1,edge,high_activity,12,4,20,3,clear,hot,home,True,985,0,770
1002,1,edge,high_activity,12,4,23,4,cloudy,hot,home,True,31,0,950
1002,1,edge,high_activity,12,4,1,5,bad,hot,home,True,194,0,800
1002,1,edge,high_activity,13,5,14,1,clear,cool,home,True,0,0,0
1002,1,edge,high_activity,13,5,18,2,clear,mild,dining,False,805,0,507
1002,1,edge,high_activity,13,5,20,3,clear,warm,home,True,34,0,340
1002,1,edge,high_activity,13,5,23,4,clear,warm,shopping,True,20,2,50
1002,1,edge,high_activity,13,5,1,5,clear,warm,dining,False,0,0,382
1002,1,edge,high_activity,14,6,14,1,clear,cold,home,True,0,0,0
1002,1,edge,high_activity,14,6,18,2,clear,warm,home,True,0,2,0
1002,1,edge,high_activity,14,6,20,3,clear,hot,home,True,24,2,0
1002,1,edge,high_activity,14,6,23,4,clear,hot,home,True,78,0,550
1002,1,edge,high_activity,14,6,1,5,clear,warm,home,True,176,0,447
1002,1,edge,high_activity,15,0,14,1,clear,mild,home,True,0,2,0
1002,1,edge,high_activity,15,0,18,2,clear,hot,work,True,76,2,0
1002,1,edge,high_activity,15,0,20,3,clear,hot,work,True,886,2,547
1002,1,edge,high_activity,15,0,23,4,clear,hot,home,True,35,0,380
1002,1,edge,high_activity,15,0,1,5,clear,hot,work,True,1490,1,380
1002,1,edge,high_activity,16,1,14,1,cloudy,warm,work,True,11,0,56
1002,1,edge,high_activity,16,1,18,2,clear,mild,home,True,20,2,0
1002,1,edge,high_activity,16,1,20,3,clear,hot,home,True,212,2,364
1002,1,edge,high_activity,16,1,23,4,clear,warm,shopping,False,118,0,121
1002,1,edge,high_activity,16,1,1,5,clear,warm,shopping,True,0,2,0
1002,1,edge,high_activity,17,2,14,1,cloudy,hot,home,True,0,0,433
1002,1,edge,high_activity,17,2,18,2,bad,hot,home,True,41,0,521
1002,1,edge,high_activity,17,2,20,3,bad,warm,home,True,26,1,168
1002,1,edge,high_activity,17,2,23,4,cloudy,warm,work,True,119,2,380
1002,1,edge,high_activity,17,2,1,5,bad,warm,work,True,0,1,0
1002,1,edge,high_activity,18,3,14,1,clear,hot,shopping,True,0,0,46
1002,1,edge,high_activity,18,3,18,2,clear,hot,service,True,602,2,368
1002,1,edge,high_activity,18,3,20,3,cloudy,hot,activity,False,88,0,447
1002,1,edge,high_activity,18,3,23,4,clear,hot,home,True,28,2,268
1002,1,edge,high_activity,18,3,1,5,cloudy,hot,home,True,160,0,488
1002,1,edge,high_activity,19,4,14,1,clear,hot,home,True,0,0,702
1002,1,edge,high_activity,19,4,18,2,clear,hot,home,True,4,2,147
1002,1,edge,high_activity,19,4,20,3,cloudy,hot,work,True,102,0,287
1002,1,edge,high_activity,19,4,23,4,cloudy,warm,work,True,25,0,170
1002,1,edge,high_activity,19,4,1,5,cloudy,hot,work,True,481,0,320
1002,1,edge,high_activity,20,5,14,1,cloudy,warm,home,True,0,0,228
1002,1,edge,high_activity,20,5,18,2,clear,hot,home,True,11,1,0
1002,1,edge,high_activity,20,5,20,3,clear,warm,home,True,576,2,316
1002,1,edge,high_activity,20,5,23,4,clear,warm,shopping,True,45,2,0
1002,1,edge,high_activity,20,5,1,5,clear,hot,work,False,151,0,414
1002,1,edge,high_activity,21,6,14,1,clear,mild,service,True,0,0,58
1002,1,edge,high_activity,21,6,18,2,clear,warm,service,True,22,0,187
1002,1,edge,high_activity,21,6,20,3,clear,hot,service,True,0,2,127
1002,1,edge,high_activity,21,6,23,4,clear,hot,service,True,0,1,0
1002,1,edge,high_activity,21,6,1,5,clear,warm,service,True,1526,1,396
1002,1,edge,high_activity,22,0,14,1,cloudy,hot,home,True,0,1,0
1002,1,edge,high_activity,22,0,18,2,clear,hot,home,True,244,1,194
1002,1,edge,high_activity,22,0,20,3,clear,hot,work,True,75,0,182
1002,1,edge,high_activity,22,0,23,4,cloudy,hot,work,True,89,1,0
1002,1,edge,high_activity,22,0,1,5,cloudy,hot,work,True,86,2,438
1002,1,edge,high_activity,23,1,14,1,bad,warm,home,True,0,0,234
1002,1,edge,high_activity,23,1,18,2,cloudy,warm,activity,True,469,2,312
1002,1,edge,high_activity,23,1,20,3,cloudy,warm,home,True,0,0,179
1002,1,edge,high_activity,23,1,23,4,clear,warm,home,True,49,0,191
1002,1,edge,high_activity,23,1,1,5,clear,warm,home,True,265,1,297
1002,1,edge,high_activity,24,2,14,1,clear,hot,work,True,0,1,108
1002,1,edge,high_activity,24,2,18,2,clear,warm,work,True,63,1,171
1002,1,edge,high_activity,24,2,20,3,cloudy,hot,home,True,11,0,283
1002,1,edge,high_activity,24,2,23,4,cloudy,hot,work,True,644,2,293
1002,1,edge,high_activity,24,2,1,5,cloudy,hot,home,True,160,2,364
1002,1,edge,high_activity,25,3,14,1,cloudy,warm,home,True,0,0,349
1002,1,edge,high_activity,25,3,18,2,cloudy,warm,home,True,108,0,825
1002,1,edge,high_activity,25,3,20,3,cloudy,warm,dining,True,51,0,102
1002,1,edge,high_activity,25,3,23,4,cloudy,mild,home,True,931,0,788
1002,1,edge,high_activity,25,3,1,5,clear,hot,home,True,51,0,580
1002,1,edge,high_activity,26,4,14,1,clear,cool,home,True,0,1,0
1002,1,edge,high_activity,26,4,18,2,clear,hot,home,True,32,1,270
1002,1,edge,high_activity,26,4,20,3,clear,hot,work,True,22,2,0
1002,1,edge,high_activity,26,4,23,4,cloudy,hot,work,True,119,0,221
1002,1,edge,high_activity,26,4,1,5,cloudy,warm,home,True,176,0,447
1002,1,edge,high_activity,27,5,14,1,clear,warm,home,True,0,0,0
1002,1,edge,high_activity,27,5,18,2,clear,warm,dining,True,47,0,452
1002,1,edge,high_activity,27,5,20,3,cloudy,mild,shopping,True,0,1,0
1002,1,edge,high_activity,27,5,23,4,cloudy,hot,dining,True,23,0,151
1002,1,edge,high_activity,27,5,1,5,bad,hot,shopping,True,38,2,0
1002,1,edge,high_activity,28,6,14,1,clear,mild,service,True,0,0,0
1002,1,edge,high_activity,28,6,18,2,clear,cold,service,False,820,0,745
1002,1,edge,high_activity,28,6,20,3,clear,warm,service,True,142,1,0
1002,1,edge,high_activity,28,6,23,4,clear,warm,dining,True,121,0,229
1002,1,edge,high_activity,28,6,1,5,clear,mild,shopping,True,336,2,0
1002,1,edge,high_activity,29,0,14,1,cloudy,warm,home,True,0,0,0
1002,1,edge,high_activity,29,0,18,2,cloudy,warm,work,True,85,0,328
1002,1,edge,high_activity,29,0,20,3,cloudy,warm,home,True,0,2,0
1002,1,edge,high_activity,29,0,23,4,clear,warm,dining,True,7,0,152
1002,1,edge,high_activity,29,0,1,5,cloudy,warm,work,True,171,0,408
1002,1,edge,high_activity,30,1,14,1,cloudy,hot,work,True,0,1,0
1002,1,edge,high_activity,30,1,18,2,cloudy,hot,work,True,42,2,364
1002,1,edge,high_activity,30,1,20,3,clear,hot,home,True,298,0,327
1002,1,edge,high_activity,30,1,23,4,cloudy,warm,home,True,37,0,382
1002,1,edge,high_activity,30,1,1,5,cloudy,warm,work,True,489,2,552
1002,1,edge,high_activity,31,2,14,1,clear,mild,home,True,0,1,0
1002,1,edge,high_activity,31,2,18,2,clear,hot,home,True,45,0,417
1002,1,edge,high_activity,31,2,20,3,clear,warm,home,True,45,1,55
1002,1,edge,high_activity,31,2,23,4,cloudy,hot,work,True,40,1,177
1002,1,edge,high_activity,31,2,1,5,cloudy,warm,home,True,144,1,269
1002,1,edge,high_activity,32,3,14,1,cloudy,hot,work,True,0,2,0
1002,1,edge,high_activity,32,3,18,2,cloudy,hot,work,True,108,2,227
1002,1,edge,high_activity,32,3,20,3,bad,hot,home,False,13,0,284
1002,1,edge,high_activity,32,3,23,4,bad,hot,shopping,True,252,1,172
1002,1,edge,high_activity,32,3,1,5,cloudy,hot,service,False,0,0,146
1002,1,edge,high_activity,33,4,14,1,cloudy,hot,home,True,0,1,0
1002,1,edge,high_activity,33,4,18,2,cloudy,hot,home,True,100,1,148
1002,1,edge,high_activity,33,4,20,3,cloudy,hot,work,True,140,2,425
1002,1,edge,high_activity,33,4,23,4,clear,hot,work,True,6,2,0
1002,1,edge,high_activity,33,4,1,5,clear,hot,dining,True,535,1,220
1002,1,edge,high_activity,34,5,14,1,clear,warm,home,True,0,0,0
1002,1,edge,high_activity,34,5,18,2,clear,hot,home,True,22,0,153
1002,1,edge,high_activity,34,5,20,3,cloudy,hot,home,False,130,0,336
1002,1,edge,high_activity,34,5,23,4,cloudy,hot,home,True,0,1,0
1002,1,edge,high_activity,34,5,1,5,cloudy,hot,home,True,533,0,677
1002,1,edge,high_activity,35,6,14,1,cloudy,warm,home,True,0,2,0
1002,1,edge,high_activity,35,6,18,2,clear,warm,shopping,True,53,1,0
1002,1,edge,high_activity,35,6,20,3,cloudy,warm,dining,True,227,0,300
1002,1,edge,high_activity,35,6,23,4,cloudy,warm,home,True,181,2,229
1002,1,edge,high_activity,35,6,1,5,cloudy,mild,home,True,1314,2,403
1003,2,twin,standard,1,0,13,1,cloudy,mild,work,True,0,2,0
1003,2,twin,standard,1,0,17,2,cloudy,warm,work,True,79,2,0
1003,2,twin,standard,1,0,19,3,cloudy,hot,work,True,0,0,0
1003,2,twin,standard,1,0,22,4,clear,hot,work,True,0,0,0
1003,2,twin,standard,1,0,24,5,cloudy,warm,work,False,73,0,502
1003,2,twin,standard,2,1,13,1,cloudy,warm,work,False,0,0,383
1003,2,twin,standard,2,1,17,2,cloudy,warm,work,True,117,2,285
1003,2,twin,standard,2,1,19,3,cloudy,warm,work,True,0,2,0
1003,2,twin,standard,2,1,22,4,cloudy,warm,work,True,849,1,127
1003,2,twin,standard,2,1,24,5,cloudy,warm,work,True,315,0,228
1003,2,twin,standard,3,2,13,1,cloudy,mild,work,True,0,1,0
1003,2,twin,standard,3,2,17,2,cloudy,mild,work,True,555,2,340
1003,2,twin,standard,3,2,19,3,cloudy,warm,work,True,0,0,123
1003,2,twin,standard,3,2,22,4,cloudy,warm,work,True,55,2,144
1003,2,twin,standard,3,2,0,5,clear,mild,work,True,368,0,296
1003,2,twin,standard,4,3,13,1,clear,warm,work,True,0,0,0
1003,2,twin,standard,4,3,17,2,clear,mild,work,True,215,2,437
1003,2,twin,standard,4,3,19,3,clear,warm,work,True,34,1,0
1003,2,twin,standard,4,3,22,4,clear,warm,work,True,441,1,123
1003,2,twin,standard,4,3,24,5,cloudy,warm,work,True,0,1,0
1003,2,twin,standard,5,4,13,1,clear,hot,work,True,0,2,0
1003,2,twin,standard,5,4,17,2,cloudy,hot,work,True,470,2,510
1003,2,twin,standard,5,4,19,3,cloudy,warm,work,True,614,2,61
1003,2,twin,standard,5,4,22,4,cloudy,warm,work,False,230,0,42
1003,2,twin,standard,5,4,24,5,clear,hot,work,True,155,1,84
1003,2,twin,standard,6,5,13,1,cloudy,mild,service,True,0,1,0
1003,2,twin,standard,6,5,17,2,bad,mild,work,True,1963,2,366
1003,2,twin,standard,6,5,19,3,cloudy,mild,service,True,0,1,0
1003,2,twin,standard,6,5,22,4,clear,warm,shopping,False,36,0,64
1003,2,twin,standard,6,5,0,5,cloudy,hot,service,True,32,0,209
1003,2,twin,standard,7,6,13,1,bad,mild,shopping,True,0,0,0
1003,2,twin,standard,7,6,17,2,clear,mild,activity,True,234,1,54
1003,2,twin,standard,7,6,19,3,cloudy,mild,work,True,0,0,0
1003,2,twin,standard,7,6,22,4,cloudy,hot,work,True,0,2,0
1003,2,twin,standard,7,6,24,5,clear,hot,service,True,313,1,100
1003,2,twin,standard,8,0,13,1,cloudy,warm,work,True,0,0,0
1003,2,twin,standard,8,0,17,2,cloudy,warm,work,True,0,0,109
1003,2,twin,standard,8,0,19,3,clear,warm,work,True,0,1,0
1003,2,twin,standard,8,0,22,4,clear,hot,work,False,194,0,93
1003,2,twin,standard,8,0,24,5,clear,hot,service,True,164,1,135
1003,2,twin,standard,9,1,13,1,cloudy,hot,work,True,0,1,0
1003,2,twin,standard,9,1,17,2,cloudy,hot,work,True,229,0,145
1003,2,twin,standard,9,1,19,3,cloudy,warm,work,True,76,2,56
1003,2,twin,standard,9,1,22,4,cloudy,mild,work,True,0,1,0
1003,2,twin,standard,9,1,24,5,clear,mild,work,True,33,1,0
1003,2,twin,standard,10,2,13,1,cloudy,hot,work,True,1219,1,520
1003,2,twin,standard,10,2,17,2,cloudy,hot,work,True,228,0,145
1003,2,twin,standard,10,2,19,3,cloudy,mild,work,True,118,1,115
1003,2,twin,standard,10,2,22,4,cloudy,warm,work,False,275,0,98
1003,2,twin,standard,10,2,0,5,cloudy,mild,work,True,0,0,0
1003,2,twin,standard,11,3,13,1,cloudy,mild,work,True,0,0,0
1003,2,twin,standard,11,3,17,2,cloudy,warm,work,False,0,0,286
1003,2,twin,standard,11,3,19,3,cloudy,warm,work,True,0,2,0
1003,2,twin,standard,11,3,22,4,clear,warm,service,True,34,2,0
1003,2,twin,standard,11,3,24,5,cloudy,warm,dining,True,34,2,0
1003,2,twin,standard,12,4,13,1,cloudy,warm,work,True,0,1,0
1003,2,twin,standard,12,4,17,2,cloudy,warm,work,True,128,2,340
1003,2,twin,standard,12,4,19,3,cloudy,warm,work,True,0,0,0
1003,2,twin,standard,12,4,22,4,cloudy,hot,work,False,316,0,140
1003,2,twin,standard,12,4,0,5,cloudy,warm,work,True,1299,0,413
1003,2,twin,standard,13,5,13,1,cloudy,warm,dining,True,0,0,143
1003,2,twin,standard,13,5,17,2,cloudy,warm,work,True,0,2,103
1003,2,twin,standard,13,5,19,3,clear,warm,service,True,652,1,124
1003,2,twin,standard,13,5,22,4,cloudy,warm,dining,True,142,1,0
1003,2,twin,standard,13,5,0,5,cloudy,warm,work,True,57,1,81
1003,2,twin,standard,14,6,13,1,clear,mild,work,True,0,2,0
1003,2,twin,standard,14,6,17,2,cloudy,mild,service,True,43,2,148
1003,2,twin,standard,14,6,19,3,cloudy,mild,work,True,577,1,135
1003,2,twin,standard,14,6,22,4,clear,warm,service,True,103,2,112
1003,2,twin,standard,14,6,24,5,cloudy,hot,service,True,0,2,0
1003,2,twin,standard,15,0,13,1,clear,mild,work,True,0,2,0
1003,2,twin,standard,15,0,17,2,cloudy,warm,work,True,52,1,412
1003,2,twin,standard,15,0,19,3,cloudy,hot,work,True,1263,1,124
1003,2,twin,standard,15,0,22,4,clear,freezing,work,True,0,0,0
1003,2,twin,standard,15,0,24,5,clear,warm,service,True,109,0,164
1003,2,twin,standard,16,1,13,1,clear,warm,work,True,0,2,0
1003,2,twin,standard,16,1,17,2,clear,warm,work,True,0,0,84
1003,2,twin,standard,16,1,19,3,clear,warm,work,True,0,0,147
1003,2,twin,standard,16,1,22,4,clear,mild,work,True,0,0,0
1003,2,twin,standard,16,1,0,5,cloudy,hot,work,True,24,0,120
1003,2,twin,standard,17,2,13,1,cloudy,mild,work,True,0,2,0
1003,2,twin,standard,17,2,17,2,clear,warm,service,True,57,0,104
1003,2,twin,standard,17,2,19,3,cloudy,warm,home,True,360,1,104
1003,2,twin,standard,17,2,22,4,clear,mild,home,False,873,0,235
1003,2,twin,standard,17,2,0,5,clear,warm,dining,True,635,1,36
1003,2,twin,standard,18,3,13,1,cloudy,warm,work,True,100,1,0
1003,2,twin,standard,18,3,17,2,cloudy,hot,work,True,34,2,0
1003,2,twin,standard,18,3,19,3,cloudy,warm,work,True,243,1,129
1003,2,twin,standard,18,3,22,4,cloudy,hot,work,True,1869,1,171
1003,2,twin,standard,18,3,24,5,cloudy,warm,work,True,32,0,170
1003,2,twin,standard,19,4,13,1,cloudy,hot,work,True,0,2,0
1003,2,twin,standard,19,4,17,2,cloudy,warm,work,False,0,0,305
1003,2,twin,standard,19,4,19,3,cloudy,warm,work,True,78,2,57
1003,2,twin,standard,19,4,22,4,cloudy,warm,work,True,0,0,64
1003,2,twin,standard,19,4,0,5,cloudy,warm,work,True,25,2,0
1003,2,twin,standard,20,5,13,1,clear,warm,service,True,0,1,0
1003,2,twin,standard,20,5,17,2,cloudy,warm,shopping,True,0,2,0
1003,2,twin,standard,20,5,19,3,cloudy,warm,dining,True,0,1,0
1003,2,twin,standard,20,5,22,4,cloudy,hot,work,False,0,0,82
1003,2,twin,standard,20,5,24,5,cloudy,warm,activity,True,174,2,0
1003,2,twin,standard,21,6,13,1,clear,mild,work,True,0,2,0
1003,2,twin,standard,21,6,17,2,cloudy,warm,work,True,0,0,0
1003,2,twin,standard,21,6,19,3,cloudy,hot,service,True,707,1,0
1003,2,twin,standard,21,6,22,4,clear,mild,service,True,181,1,88
1003,2,twin,standard,21,6,0,5,clear,mild,service,True,0,1,0
1003,2,twin,standard,22,0,13,1,cloudy,hot,work,True,0,2,0
1003,2,twin,standard,22,0,17,2,cloudy,warm,work,True,0,0,0
1003,2,twin,standard,22,0,19,3,cloudy,hot,work,True,47,0,250
1003,2,twin,standard,22,0,22,4,cloudy,hot,work,True,27,0,142
1003,2,twin,standard,22,0,24,5,clear,warm,work,True,0,2,0
1003,2,twin,standard,23,1,13,1,cloudy,mild,work,True,0,0,0
1003,2,twin,standard,23,1,17,2,cloudy,hot,work,False,103,0,450
1003,2,twin,standard,23,1,19,3,cloudy,hot,work,True,82,0,278
1003,2,twin,standard,23,1,22,4,bad,mild,work,True,0,0,45
1003,2,twin,standard,23,1,0,5,clear,hot,work,True,285,2,94
1003,2,twin,standard,24,2,13,1,cloudy,warm,work,True,65,1,0
1003,2,twin,standard,24,2,17,2,cloudy,warm,work,True,79,1,400
1003,2,twin,standard,24,2,19,3,cloudy,warm,work,True,206,0,156
1003,2,twin,standard,24,2,22,4,cloudy,warm,work,True,0,0,42
1003,2,twin,standard,24,2,24,5,cloudy,hot,work,True,0,1,0
1003,2,twin,standard,25,3,13,1,cloudy,mild,work,True,0,2,0
1003,2,twin,standard,25,3,17,2,cloudy,hot,work,True,0,2,0
1003,2,twin,standard,25,3,19,3,clear,hot,service,True,1818,0,248
1003,2,twin,standard,25,3,22,4,cloudy,hot,home,True,156,2,0
1003,2,twin,standard,25,3,0,5,cloudy,freezing,dining,True,31,1,0
1003,2,twin,standard,26,4,13,1,bad,warm,work,True,0,1,0
1003,2,twin,standard,26,4,17,2,cloudy,warm,work,True,1403,1,120
1003,2,twin,standard,26,4,19,3,cloudy,warm,work,True,0,0,156
1003,2,twin,standard,26,4,22,4,cloudy,hot,work,True,0,1,0
1003,2,twin,standard,26,4,24,5,cloudy,warm,work,False,0,0,0
1003,2,twin,standard,27,5,13,1,cloudy,warm,shopping,True,0,0,183
1003,2,twin,standard,27,5,17,2,cloudy,warm,dining,True,0,0,86
1003,2,twin,standard,27,5,19,3,cloudy,warm,work,True,734,1,131
1003,2,twin,standard,27,5,22,4,cloudy,warm,work,True,24,2,0
1003,2,twin,standard,27,5,24,5,cloudy,warm,service,True,0,1,0
1003,2,twin,standard,28,6,13,1,cloudy,mild,work,True,0,1,0
1003,2,twin,standard,28,6,17,2,cloudy,warm,service,True,56,2,420
1003,2,twin,standard,28,6,19,3,clear,warm,work,True,0,0,154
1003,2,twin,standard,28,6,22,4,cloudy,warm,service,True,0,2,0
1003,2,twin,standard,28,6,0,5,cloudy,warm,dining,True,0,1,0
1003,2,twin,standard,29,0,13,1,cloudy,warm,work,True,0,0,0
1003,2,twin,standard,29,0,17,2,clear,warm,service,True,0,1,0
1003,2,twin,standard,29,0,19,3,clear,warm,dining,True,85,1,0
1003,2,twin,standard,29,0,22,4,clear,warm,home,True,110,2,0
1003,2,twin,standard,29,0,24,5,cloudy,hot,activity,True,596,1,0
1003,2,twin,standard,30,1,13,1,cloudy,warm,work,True,51,2,0
1003,2,twin,standard,30,1,17,2,clear,mild,work,True,254,1,0
1003,2,twin,standard,30,1,19,3,cloudy,mild,work,True,403,0,0
1003,2,twin,standard,30,1,22,4,cloudy,warm,work,True,0,1,0
1003,2,twin,standard,30,1,24,5,cloudy,mild,work,True,115,0,131
1003,2,twin,standard,31,2,13,1,clear,mild,work,True,0,2,0
1003,2,twin,standard,31,2,17,2,clear,mild,work,True,0,0,85
1003,2,twin,standard,31,2,19,3,clear,hot,work,True,0,0,0
1003,2,twin,standard,31,2,22,4,clear,warm,work,False,76,0,52
1003,2,twin,standard,31,2,0,5,cloudy,warm,work,True,201,0,218
1003,2,twin,standard,32,3,13,1,clear,mild,work,True,0,0,0
1003,2,twin,standard,32,3,17,2,clear,warm,work,True,82,0,90
1003,2,twin,standard,32,3,19,3,clear,warm,work,True,45,2,55
1003,2,twin,standard,32,3,22,4,cloudy,warm,work,False,0,0,55
1003,2,twin,standard,32,3,24,5,cloudy,hot,work,True,305,0,243
1003,2,twin,standard,33,4,13,1,cloudy,warm,work,True,0,0,0
1003,2,twin,standard,33,4,17,2,cloudy,hot,work,False,90,0,375
1003,2,twin,standard,33,4,19,3,clear,freezing,work,True,970,0,358
1003,2,twin,standard,33,4,22,4,clear,warm,work,True,35,2,103
1003,2,twin,standard,33,4,24,5,cloudy,warm,work,True,49,0,135
1003,2,twin,standard,34,5,13,1,cloudy,hot,shopping,True,0,1,0
1003,2,twin,standard,34,5,17,2,cloudy,warm,dining,True,0,2,0
1003,2,twin,standard,34,5,19,3,cloudy,warm,work,True,202,1,110
1003,2,twin,standard,34,5,22,4,cloudy,hot,service,True,0,0,0
1003,2,twin,standard,34,5,24,5,cloudy,hot,work,True,0,1,0
1003,2,twin,standard,35,6,13,1,clear,mild,work,True,85,0,185
1003,2,twin,standard,35,6,17,2,clear,warm,work,True,0,0,0
1003,2,twin,standard,35,6,19,3,cloudy,mild,service,True,82,1,134
1003,2,twin,standard,35,6,22,4,cloudy,mild,work,True,18,2,0
1003,2,twin,standard,35,6,24,5,cloudy,hot,service,True,302,2,88
1004,2,twin,standard,1,0,13,1,cloudy,warm,work,True,26,2,55
1004,2,twin,standard,1,0,17,2,cloudy,hot,work,True,315,2,136
1004,2,twin,standard,1,0,19,3,clear,warm,work,True,0,0,19
1004,2,twin,standard,1,0,22,4,cloudy,warm,work,True,330,1,113
1004,2,twin,standard,1,0,0,5,cloudy,hot,work,True,60,0,276
1004,2,twin,standard,2,1,13,1,cloudy,warm,work,True,0,2,0
1004,2,twin,standard,2,1,17,2,cloudy,warm,work,True,249,1,352
1004,2,twin,standard,2,1,19,3,cloudy,warm,work,True,0,2,0
1004,2,twin,standard,2,1,22,4,cloudy,warm,service,True,0,0,0
1004,2,twin,standard,2,1,24,5,cloudy,warm,shopping,False,348,0,444
1004,2,twin,standard,3,2,13,1,cloudy,mild,work,True,0,1,0
1004,2,twin,standard,3,2,17,2,cloudy,warm,work,True,335,1,324
1004,2,twin,standard,3,2,19,3,clear,hot,work,True,0,1,0
1004,2,twin,standard,3,2,22,4,cloudy,warm,work,True,94,0,105
1004,2,twin,standard,3,2,24,5,cloudy,warm,work,True,176,2,97
1004,2,twin,standard,4,3,13,1,clear,warm,work,True,0,1,0
1004,2,twin,standard,4,3,17,2,clear,warm,work,True,42,0,102
1004,2,twin,standard,4,3,19,3,clear,warm,work,True,100,0,138
1004,2,twin,standard,4,3,22,4,clear,mild,work,True,0,0,60
1004,2,twin,standard,4,3,24,5,cloudy,warm,work,True,0,0,48
1004,2,twin,standard,5,4,13,1,clear,warm,work,True,0,1,0
1004,2,twin,standard,5,4,17,2,cloudy,mild,work,True,0,1,0
1004,2,twin,standard,5,4,19,3,cloudy,warm,service,True,0,2,0
1004,2,twin,standard,5,4,22,4,clear,warm,work,True,0,0,65
1004,2,twin,standard,5,4,0,5,cloudy,warm,work,True,0,0,72
1004,2,twin,standard,6,5,13,1,clear,mild,shopping,True,0,0,151
1004,2,twin,standard,6,5,17,2,cloudy,hot,service,True,91,0,165
1004,2,twin,standard,6,5,19,3,clear,freezing,work,True,168,1,0
1004,2,twin,standard,6,5,22,4,clear,warm,service,True,0,0,78
1004,2,twin,standard,6,5,24,5,clear,warm,work,True,968,1,90
1004,2,twin,standard,7,6,13,1,cloudy,warm,service,True,0,0,110
1004,2,twin,standard,7,6,17,2,cloudy,warm,work,True,190,0,137
1004,2,twin,standard,7,6,19,3,cloudy,mild,service,True,68,2,0
1004,2,twin,standard,7,6,22,4,cloudy,warm,service,True,0,2,0
1004,2,twin,standard,7,6,24,5,cloudy,warm,service,True,0,1,0
1004,2,twin,standard,8,0,13,1,cloudy,warm,work,True,0,1,0
1004,2,twin,standard,8,0,17,2,cloudy,hot,work,True,1181,0,164
1004,2,twin,standard,8,0,19,3,cloudy,hot,work,True,74,1,0
1004,2,twin,standard,8,0,22,4,clear,warm,work,True,0,1,0
1004,2,twin,standard,8,0,0,5,cloudy,hot,work,True,0,0,203
1004,2,twin,standard,9,1,13,1,clear,warm,work,True,82,0,167
1004,2,twin,standard,9,1,17,2,cloudy,warm,work,True,0,0,80
1004,2,twin,standard,9,1,19,3,cloudy,warm,work,True,32,1,0
1004,2,twin,standard,9,1,22,4,cloudy,warm,work,True,100,2,0
1004,2,twin,standard,9,1,24,5,cloudy,hot,work,True,81,0,298
1004,2,twin,standard,10,2,13,1,cloudy,hot,work,True,0,1,0
1004,2,twin,standard,10,2,17,2,clear,hot,work,True,71,2,360
1004,2,twin,standard,10,2,19,3,clear,hot,work,True,22,1,0
1004,2,twin,standard,10,2,22,4,cloudy,warm,work,True,0,2,0
1004,2,twin,standard,10,2,24,5,cloudy,mild,work,True,331,2,106
1004,2,twin,standard,11,3,13,1,clear,warm,work,True,0,0,0
1004,2,twin,standard,11,3,17,2,clear,warm,work,True,517,1,365
1004,2,twin,standard,11,3,19,3,clear,hot,service,True,0,0,204
1004,2,twin,standard,11,3,22,4,clear,hot,work,True,0,2,0
1004,2,twin,standard,11,3,24,5,cloudy,warm,work,True,0,1,0
1004,2,twin,standard,12,4,13,1,clear,cool,work,True,0,0,0
1004,2,twin,standard,12,4,17,2,cloudy,mild,work,False,327,0,320
1004,2,twin,standard,12,4,19,3,cloudy,warm,work,True,119,2,58
1004,2,twin,standard,12,4,22,4,clear,hot,work,True,0,1,0
1004,2,twin,standard,12,4,0,5,cloudy,mild,work,True,77,2,0
1004,2,twin,standard,13,5,13,1,clear,warm,dining,True,0,2,0
1004,2,twin,standard,13,5,17,2,clear,mild,work,True,54,0,54
1004,2,twin,standard,13,5,19,3,clear,mild,activity,True,0,2,0
1004,2,twin,standard,13,5,22,4,cloudy,warm,work,True,0,0,0
1004,2,twin,standard,13,5,24,5,clear,warm,work,False,657,0,430
1004,2,twin,standard,14,6,13,1,clear,warm,service,True,0,0,155
1004,2,twin,standard,14,6,17,2,clear,warm,work,True,76,0,111
1004,2,twin,standard,14,6,19,3,cloudy,warm,service,True,258,2,0
1004,2,twin,standard,14,6,22,4,clear,warm,dining,True,118,2,0
1004,2,twin,standard,14,6,24,5,cloudy,hot,work,True,360,2,90
1004,2,twin,standard,15,0,13,1,cloudy,warm,work,True,693,1,62
1004,2,twin,standard,15,0,17,2,clear,warm,work,True,140,0,122
1004,2,twin,standard,15,0,19,3,cloudy,hot,work,True,712,2,57
1004,2,twin,standard,15,0,22,4,clear,hot,work,True,170,2,0
1004,2,twin,standard,15,0,0,5,clear,warm,work,True,35,0,130
1004,2,twin,standard,16,1,13,1,cloudy,mild,work,True,0,0,155
1004,2,twin,standard,16,1,17,2,cloudy,mild,work,True,176,0,102
1004,2,twin,standard,16,1,19,3,cloudy,mild,activity,True,239,1,39
1004,2,twin,standard,16,1,22,4,clear,mild,shopping,False,0,0,0
1004,2,twin,standard,16,1,24,5,cloudy,hot,work,True,65,0,201
1004,2,twin,standard,17,2,13,1,clear,warm,work,False,0,0,350
1004,2,twin,standard,17,2,17,2,clear,warm,work,False,36,0,293
1004,2,twin,standard,17,2,19,3,cloudy,warm,work,True,0,0,142
1004,2,twin,standard,17,2,22,4,cloudy,warm,service,True,795,2,168
1004,2,twin,standard,17,2,24,5,cloudy,warm,work,True,9,2,0
1004,2,twin,standard,18,3,13,1,clear,mild,work,True,0,2,0
1004,2,twin,standard,18,3,17,2,cloudy,mild,work,True,743,1,338
1004,2,twin,standard,18,3,19,3,cloudy,hot,work,True,574,0,305
1004,2,twin,standard,18,3,22,4,cloudy,warm,work,False,0,0,56
1004,2,twin,standard,18,3,24,5,clear,warm,work,True,0,2,0
1004,2,twin,standard,19,4,13,1,clear,mild,work,True,0,1,0
1004,2,twin,standard,19,4,17,2,cloudy,mild,work,True,0,0,77
1004,2,twin,standard,19,4,19,3,clear,warm,work,True,338,0,225
1004,2,twin,standard,19,4,22,4,cloudy,mild,work,True,102,2,77
1004,2,twin,standard,19,4,0,5,cloudy,hot,work,False,0,0,464
1004,2,twin,standard,20,5,13,1,cloudy,warm,work,True,0,1,0
1004,2,twin,standard,20,5,17,2,cloudy,warm,service,True,1313,0,349
1004,2,twin,standard,20,5,19,3,cloudy,warm,work,True,121,2,57
1004,2,twin,standard,20,5,22,4,cloudy,warm,service,True,111,2,120
1004,2,twin,standard,20,5,24,5,bad,warm,work,True,19,1,73
1004,2,twin,standard,21,6,13,1,clear,hot,service,True,0,2,0
1004,2,twin,standard,21,6,17,2,cloudy,hot,service,True,0,1,0
1004,2,twin,standard,21,6,19,3,cloudy,hot,work,True,353,2,112
1004,2,twin,standard,21,6,22,4,cloudy,hot,shopping,False,62,0,65
1004,2,twin,standard,21,6,24,5,cloudy,hot,service,False,43,0,329
1004,2,twin,standard,22,0,13,1,cloudy,warm,work,True,0,0,0
1004,2,twin,standard,22,0,17,2,cloudy,hot,work,True,0,2,0
1004,2,twin,standard,22,0,19,3,cloudy,warm,work,True,72,2,57
1004,2,twin,standard,22,0,22,4,cloudy,warm,work,True,75,0,95
1004,2,twin,standard,22,0,24,5,clear,hot,activity,True,313,1,89
1004,2,twin,standard,23,1,13,1,clear,mild,service,True,159,2,0
1004,2,twin,standard,23,1,17,2,cloudy,mild,other,True,1389,0,193
1004,2,twin,standard,23,1,19,3,clear,warm,dining,True,138,0,131
1004,2,twin,standard,23,1,22,4,cloudy,hot,dining,True,0,1,0
1004,2,twin,standard,23,1,0,5,clear,hot,dining,True,0,1,0
1004,2,twin,standard,24,2,13,1,cloudy,hot,work,True,0,1,0
1004,2,twin,standard,24,2,17,2,cloudy,hot,work,True,200,0,136
1004,2,twin,standard,24,2,19,3,bad,hot,work,True,0,2,0
1004,2,twin,standard,24,2,22,4,clear,warm,work,False,0,0,0
1004,2,twin,standard,24,2,0,5,clear,hot,work,True,0,1,0
1004,2,twin,standard,25,3,13,1,cloudy,hot,work,True,0,1,0
1004,2,twin,standard,25,3,17,2,clear,warm,work,True,234,2,360
1004,2,twin,standard,25,3,19,3,clear,warm,work,True,0,1,0
1004,2,twin,standard,25,3,22,4,cloudy,warm,work,False,0,0,43
1004,2,twin,standard,25,3,24,5,cloudy,hot,work,True,0,0,0
1004,2,twin,standard,26,4,13,1,clear,warm,work,True,0,2,0
1004,2,twin,standard,26,4,17,2,clear,hot,work,True,514,0,127
1004,2,twin,standard,26,4,19,3,cloudy,mild,work,True,0,1,0
1004,2,twin,standard,26,4,22,4,cloudy,mild,work,True,0,0,35
1004,2,twin,standard,26,4,24,5,cloudy,mild,work,True,0,0,0
1004,2,twin,standard,27,5,13,1,cloudy,hot,activity,True,0,0,200
1004,2,twin,standard,27,5,17,2,cloudy,hot,work,True,0,1,0
1004,2,twin,standard,27,5,19,3,cloudy,warm,service,True,0,1,0
1004,2,twin,standard,27,5,22,4,cloudy,warm,service,True,0,0,65
1004,2,twin,standard,27,5,24,5,clear,warm,service,True,1120,1,95
1004,2,twin,standard,28,6,13,1,cloudy,mild,service,True,0,1,0
1004,2,twin,standard,28,6,17,2,cloudy,warm,work,True,0,2,0
1004,2,twin,standard,28,6,19,3,cloudy,warm,service,True,549,2,95
1004,2,twin,standard,28,6,22,4,clear,hot,work,True,0,0,68
1004,2,twin,standard,28,6,24,5,cloudy,warm,service,True,56,0,305
1004,2,twin,standard,29,0,13,1,cloudy,warm,work,True,0,2,0
1004,2,twin,standard,29,0,17,2,cloudy,warm,work,True,157,0,103
1004,2,twin,standard,29,0,19,3,cloudy,warm,work,True,0,1,0
1004,2,twin,standard,29,0,22,4,cloudy,warm,work,True,70,0,67
1004,2,twin,standard,29,0,24,5,cloudy,mild,service,True,281,2,0
1004,2,twin,standard,30,1,13,1,bad,warm,work,True,0,0,0
1004,2,twin,standard,30,1,17,2,clear,warm,work,True,0,0,90
1004,2,twin,standard,30,1,19,3,clear,warm,work,True,5000,0,240
1004,2,twin,standard,30,1,22,4,cloudy,warm,work,True,256,1,146
1004,2,twin,standard,30,1,0,5,cloudy,warm,work,True,569,0,224
1004,2,twin,standard,31,2,13,1,cloudy,warm,work,True,0,0,125
1004,2,twin,standard,31,2,17,2,cloudy,hot,work,False,0,0,248
1004,2,twin,standard,31,2,19,3,cloudy,warm,work,True,308,1,128
1004,2,twin,standard,31,2,22,4,cloudy,warm,activity,True,0,0,0
1004,2,twin,standard,31,2,24,5,clear,warm,activity,False,837,0,264
1004,2,twin,standard,32,3,13,1,cloudy,mild,work,True,747,0,212
1004,2,twin,standard,32,3,17,2,cloudy,mild,work,True,0,1,0
1004,2,twin,standard,32,3,19,3,cloudy,hot,service,True,153,2,98
1004,2,twin,standard,32,3,22,4,cloudy,hot,other,True,0,2,0
1004,2,twin,standard,32,3,24,5,clear,hot,other,False,68,0,314
1004,2,twin,standard,33,4,13,1,cloudy,warm,work,True,0,2,0
1004,2,twin,standard,33,4,17,2,clear,warm,work,True,594,1,342
1004,2,twin,standard,33,4,19,3,cloudy,hot,work,True,58,1,143
1004,2,twin,standard,33,4,22,4,cloudy,hot,work,True,558,2,0
1004,2,twin,standard,33,4,24,5,cloudy,hot,work,True,0,1,0
1004,2,twin,standard,34,5,13,1,cloudy,mild,service,True,0,1,0
1004,2,twin,standard,34,5,17,2,cloudy,hot,service,True,0,0,115
1004,2,twin,standard,34,5,19,3,cloudy,hot,work,True,878,0,194
1004,2,twin,standard,34,5,22,4,bad,mild,work,True,37,0,44
1004,2,twin,standard,34,5,0,5,clear,mild,activity,True,0,2,0
1004,2,twin,standard,35,6,13,1,cloudy,hot,work,False,0,0,600
1004,2,twin,standard,35,6,17,2,clear,warm,work,True,44,0,142
1004,2,twin,standard,35,6,19,3,clear,mild,work,True,0,2,0
1004,2,twin,standard,35,6,22,4,clear,warm,service,True,0,0,68
1004,2,twin,standard,35,6,0,5,clear,warm,service,True,142,0,198
1005,2,edge,standard,1,0,13,1,clear,warm,work,True,124,2,0
1005,2,edge,standard,1,0,17,2,clear,warm,work,True,1072,1,344
1005,2,edge,standard,1,0,19,3,cloudy,hot,work,True,957,0,363
1005,2,edge,standard,1,0,22,4,bad,hot,work,True,1684,0,137
1005,2,edge,standard,1,0,24,5,cloudy,hot,work,True,811,2,106
1005,2,edge,standard,2,1,13,1,clear,warm,work,True,0,0,0
1005,2,edge,standard,2,1,17,2,clear,mild,service,True,1129,1,336
1005,2,edge,standard,2,1,19,3,clear,warm,work,True,2251,0,627
1005,2,edge,standard,2,1,22,4,cloudy,warm,work,True,1004,2,150
1005,2,edge,standard,2,1,24,5,cloudy,warm,work,True,0,0,0
1005,2,edge,standard,3,2,13,1,clear,mild,work,True,0,2,0
1005,2,edge,standard,3,2,17,2,cloudy,warm,work,True,75,0,77
1005,2,edge,standard,3,2,19,3,clear,warm,work,True,820,1,117
1005,2,edge,standard,3,2,22,4,cloudy,warm,service,False,158,0,100
1005,2,edge,standard,3,2,24,5,clear,warm,service,True,35,2,80
1005,2,edge,standard,4,3,13,1,cloudy,warm,work,False,4637,0,1583
1005,2,edge,standard,4,3,17,2,cloudy,warm,work,False,478,0,597
1005,2,edge,standard,4,3,19,3,clear,warm,service,True,1334,1,124
1005,2,edge,standard,4,3,22,4,cloudy,warm,activity,True,288,2,169
1005,2,edge,standard,4,3,0,5,clear,warm,service,True,23,2,80
1005,2,edge,standard,5,4,13,1,cloudy,mild,work,True,0,1,0
1005,2,edge,standard,5,4,17,2,clear,mild,work,True,315,0,186
1005,2,edge,standard,5,4,19,3,cloudy,mild,work,True,0,1,0
1005,2,edge,standard,5,4,22,4,clear,mild,work,True,0,0,0
1005,2,edge,standard,5,4,24,5,clear,hot,work,True,93,0,116
1005,2,edge,standard,6,5,13,1,cloudy,hot,service,True,0,0,0
1005,2,edge,standard,6,5,17,2,cloudy,hot,work,True,384,1,364
1005,2,edge,standard,6,5,19,3,cloudy,warm,activity,True,4098,1,0
1005,2,edge,standard,6,5,22,4,cloudy,warm,work,True,0,2,0
1005,2,edge,standard,6,5,24,5,clear,warm,service,True,0,1,0
1005,2,edge,standard,7,6,13,1,cloudy,mild,shopping,True,0,0,0
1005,2,edge,standard,7,6,17,2,cloudy,mild,shopping,True,130,2,96
1005,2,edge,standard,7,6,19,3,cloudy,mild,service,True,0,0,0
1005,2,edge,standard,7,6,22,4,cloudy,warm,work,True,0,2,0
1005,2,edge,standard,7,6,24,5,cloudy,warm,shopping,True,0,0,0
1005,2,edge,standard,8,0,13,1,cloudy,warm,work,True,0,0,0
1005,2,edge,standard,8,0,17,2,cloudy,warm,work,True,0,1,0
1005,2,edge,standard,8,0,19,3,cloudy,warm,work,True,1268,2,58
1005,2,edge,standard,8,0,22,4,cloudy,hot,service,True,74,2,0
1005,2,edge,standard,8,0,24,5,clear,hot,activity,True,549,1,0
1005,2,edge,standard,9,1,13,1,cloudy,warm,work,True,0,0,0
1005,2,edge,standard,9,1,17,2,cloudy,hot,work,False,0,0,0
1005,2,edge,standard,9,1,19,3,bad,hot,work,True,156,0,215
1005,2,edge,standard,9,1,22,4,cloudy,hot,work,True,414,0,283
1005,2,edge,standard,9,1,24,5,clear,freezing,service,True,306,0,64
1005,2,edge,standard,10,2,13,1,clear,mild,work,True,64,2,0
1005,2,edge,standard,10,2,17,2,clear,warm,work,True,389,1,350
1005,2,edge,standard,10,2,19,3,clear,warm,work,True,943,1,137
1005,2,edge,standard,10,2,22,4,clear,warm,work,True,0,0,59
1005,2,edge,standard,10,2,0,5,cloudy,warm,service,True,0,0,108
1005,2,edge,standard,11,3,13,1,cloudy,warm,work,True,0,1,0
1005,2,edge,standard,11,3,17,2,cloudy,mild,work,True,987,1,273
1005,2,edge,standard,11,3,19,3,cloudy,warm,work,True,1589,2,57
1005,2,edge,standard,11,3,22,4,cloudy,warm,work,True,0,0,0
1005,2,edge,standard,11,3,0,5,cloudy,warm,work,True,0,2,0
1005,2,edge,standard,12,4,13,1,cloudy,warm,work,True,0,2,0
1005,2,edge,standard,12,4,17,2,cloudy,hot,work,True,550,1,366
1005,2,edge,standard,12,4,19,3,cloudy,hot,work,True,0,0,194
1005,2,edge,standard,12,4,22,4,bad,mild,work,True,153,0,88
1005,2,edge,standard,12,4,0,5,cloudy,mild,work,True,92,1,0
1005,2,edge,standard,13,5,13,1,clear,mild,work,True,0,0,35
1005,2,edge,standard,13,5,17,2,clear,hot,service,True,1301,2,360
1005,2,edge,standard,13,5,19,3,clear,warm,service,True,0,0,23
1005,2,edge,standard,13,5,22,4,cloudy,hot,shopping,False,18,0,125
1005,2,edge,standard,13,5,0,5,cloudy,hot,service,True,0,2,0
1005,2,edge,standard,14,6,13,1,cloudy,warm,work,True,0,2,0
1005,2,edge,standard,14,6,17,2,cloudy,hot,service,False,908,0,1000
1005,2,edge,standard,14,6,19,3,cloudy,freezing,service,True,787,0,215
1005,2,edge,standard,14,6,22,4,cloudy,warm,service,True,0,2,0
1005,2,edge,standard,14,6,24,5,cloudy,warm,work,True,0,2,0
1005,2,edge,standard,15,0,13,1,clear,mild,work,True,0,1,0
1005,2,edge,standard,15,0,17,2,cloudy,warm,work,True,0,0,78
1005,2,edge,standard,15,0,19,3,cloudy,hot,work,True,209,0,207
1005,2,edge,standard,15,0,22,4,cloudy,warm,work,True,107,0,83
1005,2,edge,standard,15,0,24,5,cloudy,warm,work,True,321,0,220
1005,2,edge,standard,16,1,13,1,clear,warm,work,True,0,2,0
1005,2,edge,standard,16,1,17,2,cloudy,mild,work,False,79,0,411
1005,2,edge,standard,16,1,19,3,cloudy,mild,work,True,60,2,128
1005,2,edge,standard,16,1,22,4,cloudy,warm,work,True,86,0,40
1005,2,edge,standard,16,1,0,5,clear,warm,work,True,55,0,212
1005,2,edge,standard,17,2,13,1,cloudy,mild,work,False,0,0,416
1005,2,edge,standard,17,2,17,2,bad,warm,work,True,3504,1,436
1005,2,edge,standard,17,2,19,3,clear,warm,work,True,158,2,60
1005,2,edge,standard,17,2,22,4,cloudy,hot,work,True,87,1,75
1005,2,edge,standard,17,2,0,5,clear,mild,work,True,415,1,76
1005,2,edge,standard,18,3,13,1,clear,hot,work,False,0,0,1276
1005,2,edge,standard,18,3,17,2,clear,warm,work,True,0,1,150
1005,2,edge,standard,18,3,19,3,cloudy,warm,work,True,1061,2,64
1005,2,edge,standard,18,3,22,4,clear,warm,work,True,0,0,75
1005,2,edge,standard,18,3,0,5,cloudy,warm,work,True,95,0,97
1005,2,edge,standard,19,4,13,1,cloudy,hot,work,True,0,1,0
1005,2,edge,standard,19,4,17,2,clear,hot,service,True,0,0,136
1005,2,edge,standard,19,4,19,3,cloudy,hot,service,True,613,0,330
1005,2,edge,standard,19,4,22,4,cloudy,warm,work,True,11,0,54
1005,2,edge,standard,19,4,0,5,cloudy,hot,work,True,188,0,320
1005,2,edge,standard,20,5,13,1,cloudy,hot,service,True,535,0,287
1005,2,edge,standard,20,5,17,2,cloudy,hot,work,True,314,2,350
1005,2,edge,standard,20,5,19,3,cloudy,warm,service,True,1243,2,110
1005,2,edge,standard,20,5,22,4,bad,mild,service,True,0,1,0
1005,2,edge,standard,20,5,0,5,clear,mild,service,True,0,2,0
1005,2,edge,standard,21,6,13,1,clear,warm,service,True,0,1,0
1005,2,edge,standard,21,6,17,2,clear,hot,service,True,117,1,350
1005,2,edge,standard,21,6,19,3,cloudy,warm,work,True,334,0,217
1005,2,edge,standard,21,6,22,4,cloudy,warm,service,True,0,0,52
1005,2,edge,standard,21,6,0,5,cloudy,warm,work,True,0,1,0
1005,2,edge,standard,22,0,13,1,clear,mild,work,True,639,1,0
1005,2,edge,standard,22,0,17,2,clear,warm,work,True,1820,1,378
1005,2,edge,standard,22,0,19,3,cloudy,warm,work,True,387,2,56
1005,2,edge,standard,22,0,22,4,cloudy,warm,service,True,0,0,70
1005,2,edge,standard,22,0,24,5,cloudy,warm,activity,True,0,0,0
1005,2,edge,standard,23,1,13,1,cloudy,hot,work,False,0,0,1140
1005,2,edge,standard,23,1,17,2,clear,hot,work,False,0,0,775
1005,2,edge,standard,23,1,19,3,cloudy,hot,work,True,92,2,54
1005,2,edge,standard,23,1,22,4,cloudy,warm,work,True,0,1,0
1005,2,edge,standard,23,1,24,5,clear,warm,work,False,0,0,683
1005,2,edge,standard,24,2,13,1,cloudy,warm,work,True,0,2,56
1005,2,edge,standard,24,2,17,2,cloudy,warm,work,True,1477,1,260
1005,2,edge,standard,24,2,19,3,cloudy,warm,work,True,220,2,98
1005,2,edge,standard,24,2,22,4,cloudy,warm,work,True,0,0,0
1005,2,edge,standard,24,2,24,5,cloudy,warm,work,True,422,1,89
1005,2,edge,standard,25,3,13,1,clear,hot,work,True,0,1,0
1005,2,edge,standard,25,3,17,2,cloudy,hot,service,True,0,0,102
1005,2,edge,standard,25,3,19,3,cloudy,warm,other,True,334,2,56
1005,2,edge,standard,25,3,22,4,cloudy,warm,service,True,201,0,98
1005,2,edge,standard,25,3,0,5,clear,mild,home,True,0,2,0
1005,2,edge,standard,26,4,13,1,clear,mild,work,True,0,1,0
1005,2,edge,standard,26,4,17,2,cloudy,mild,work,True,471,0,148
1005,2,edge,standard,26,4,19,3,clear,hot,work,True,193,0,196
1005,2,edge,standard,26,4,22,4,cloudy,hot,work,True,1015,0,131
1005,2,edge,standard,26,4,24,5,cloudy,hot,work,True,262,2,90
1005,2,edge,standard,27,5,13,1,cloudy,warm,service,True,0,0,0
1005,2,edge,standard,27,5,17,2,clear,hot,service,True,459,0,158
1005,2,edge,standard,27,5,19,3,clear,hot,service,True,0,2,0
1005,2,edge,standard,27,5,22,4,cloudy,hot,shopping,False,183,0,184
1005,2,edge,standard,27,5,0,5,cloudy,mild,activity,True,0,1,0
1005,2,edge,standard,28,6,13,1,cloudy,hot,service,True,0,0,0
1005,2,edge,standard,28,6,17,2,cloudy,hot,service,True,1107,0,171
1005,2,edge,standard,28,6,19,3,bad,warm,dining,True,132,1,35
1005,2,edge,standard,28,6,22,4,clear,warm,work,True,0,2,0
1005,2,edge,standard,28,6,0,5,cloudy,hot,service,True,125,1,0
1005,2,edge,standard,29,0,13,1,cloudy,warm,work,True,0,1,0
1005,2,edge,standard,29,0,17,2,cloudy,hot,work,True,95,1,368
1005,2,edge,standard,29,0,19,3,cloudy,warm,work,True,185,1,122
1005,2,edge,standard,29,0,22,4,cloudy,mild,work,False,0,0,47
1005,2,edge,standard,29,0,24,5,cloudy,warm,work,False,5000,0,505
1005,2,edge,standard,30,1,13,1,clear,warm,work,True,0,1,0
1005,2,edge,standard,30,1,17,2,cloudy,hot,service,True,241,0,145
1005,2,edge,standard,30,1,19,3,clear,warm,home,True,505,1,201
1005,2,edge,standard,30,1,22,4,clear,mild,service,True,51,1,88
1005,2,edge,standard,30,1,24,5,clear,mild,home,True,1071,1,148
1005,2,edge,standard,31,2,13,1,bad,warm,work,True,0,0,0
1005,2,edge,standard,31,2,17,2,cloudy,hot,work,True,66,1,367
1005,2,edge,standard,31,2,19,3,clear,hot,work,True,0,1,0
1005,2,edge,standard,31,2,22,4,clear,warm,work,True,0,1,0
1005,2,edge,standard,31,2,0,5,cloudy,warm,service,True,0,0,0
1005,2,edge,standard,32,3,13,1,cloudy,warm,service,True,453,1,595
1005,2,edge,standard,32,3,17,2,cloudy,warm,service,True,1296,0,369
1005,2,edge,standard,32,3,19,3,cloudy,hot,other,True,188,1,0
1005,2,edge,standard,32,3,22,4,cloudy,hot,shopping,True,1515,2,315
1005,2,edge,standard,32,3,24,5,clear,warm,activity,True,0,2,0
1005,2,edge,standard,33,4,13,1,clear,warm,work,True,0,1,125
1005,2,edge,standard,33,4,17,2,clear,mild,work,True,0,1,0
1005,2,edge,standard,33,4,19,3,clear,hot,work,True,1347,2,100
1005,2,edge,standard,33,4,22,4,cloudy,warm,work,True,63,2,140
1005,2,edge,standard,33,4,0,5,bad,warm,activity,True,0,1,0
1005,2,edge,standard,34,5,13,1,clear,hot,work,True,123,2,350
1005,2,edge,standard,34,5,17,2,clear,hot,dining,True,890,1,112
1005,2,edge,standard,34,5,19,3,cloudy,mild,service,True,0,1,0
1005,2,edge,standard,34,5,22,4,clear,warm,shopping,False,0,0,82
1005,2,edge,standard,34,5,0,5,clear,warm,work,True,0,2,0
1005,2,edge,standard,35,6,13,1,cloudy,warm,service,True,0,0,121
1005,2,edge,standard,35,6,17,2,cloudy,warm,service,True,154,0,95
1005,2,edge,standard,35,6,19,3,cloudy,warm,service,True,166,0,137
1005,2,edge,standard,35,6,22,4,cloudy,warm,shopping,True,0,0,54
1005,2,edge,standard,35,6,24,5,bad,warm,service,True,0,2,0
1006,3,twin,low_activity,1,0,13,1,cloudy,mild,service,False,0,0,0
1006,3,twin,low_activity,1,0,17,2,cloudy,warm,shopping,True,0,1,0
1006,3,twin,low_activity,1,0,19,3,cloudy,warm,activity,True,653,0,217
1006,3,twin,low_activity,1,0,22,4,cloudy,warm,dining,True,179,0,135
1006,3,twin,low_activity,1,0,24,5,cloudy,warm,service,False,0,0,122
1006,3,twin,low_activity,2,1,13,1,clear,warm,work,True,0,0,0
1006,3,twin,low_activity,2,1,17,2,clear,mild,activity,True,0,1,0
1006,3,twin,low_activity,2,1,19,3,clear,warm,activity,True,494,0,91
1006,3,twin,low_activity,2,1,22,4,clear,warm,activity,True,11,2,91
1006,3,twin,low_activity,2,1,24,5,clear,warm,work,True,11,0,168
1006,3,twin,low_activity,3,2,13,1,cloudy,warm,activity,True,118,1,0
1006,3,twin,low_activity,3,2,17,2,cloudy,hot,work,True,314,0,118
1006,3,twin,low_activity,3,2,19,3,cloudy,hot,work,True,177,2,38
1006,3,twin,low_activity,3,2,22,4,cloudy,warm,work,False,1427,0,490
1006,3,twin,low_activity,3,2,24,5,cloudy,warm,service,False,177,0,340
1006,3,twin,low_activity,4,3,13,1,clear,warm,work,True,0,2,0
1006,3,twin,low_activity,4,3,17,2,clear,warm,work,True,164,0,94
1006,3,twin,low_activity,4,3,19,3,clear,warm,activity,True,0,2,46
1006,3,twin,low_activity,4,3,22,4,clear,warm,activity,True,0,2,324
1006,3,twin,low_activity,4,3,0,5,clear,warm,dining,True,0,2,0
1006,3,twin,low_activity,5,4,13,1,clear,mild,activity,False,0,0,0
1006,3,twin,low_activity,5,4,17,2,cloudy,mild,activity,False,17,0,429
1006,3,twin,low_activity,5,4,19,3,cloudy,warm,dining,True,0,2,0
1006,3,twin,low_activity,5,4,22,4,cloudy,hot,work,False,108,0,0
1006,3,twin,low_activity,5,4,0,5,cloudy,hot,shopping,True,0,0,7
1006,3,twin,low_activity,6,5,13,1,cloudy,mild,dining,True,144,2,0
1006,3,twin,low_activity,6,5,17,2,cloudy,warm,dining,True,56,0,65
1006,3,twin,low_activity,6,5,19,3,bad,mild,dining,True,18,0,30
1006,3,twin,low_activity,6,5,22,4,cloudy,mild,dining,True,0,1,0
1006,3,twin,low_activity,6,5,24,5,cloudy,mild,activity,True,0,0,120
1006,3,twin,low_activity,7,6,13,1,cloudy,warm,service,True,38,2,0
1006,3,twin,low_activity,7,6,17,2,cloudy,warm,shopping,True,0,1,0
1006,3,twin,low_activity,7,6,19,3,cloudy,warm,shopping,True,0,0,38
1006,3,twin,low_activity,7,6,22,4,cloudy,warm,activity,True,2163,0,151
1006,3,twin,low_activity,7,6,24,5,clear,warm,activity,True,0,0,154
1006,3,twin,low_activity,8,0,13,1,cloudy,warm,activity,True,0,0,76
1006,3,twin,low_activity,8,0,17,2,cloudy,warm,dining,True,23,2,0
1006,3,twin,low_activity,8,0,19,3,cloudy,warm,activity,True,0,2,0
1006,3,twin,low_activity,8,0,22,4,cloudy,hot,activity,True,0,2,347
1006,3,twin,low_activity,8,0,24,5,cloudy,warm,activity,True,0,0,137
1006,3,twin,low_activity,9,1,13,1,cloudy,mild,activity,False,17,0,0
1006,3,twin,low_activity,9,1,17,2,cloudy,warm,activity,False,45,0,301
1006,3,twin,low_activity,9,1,19,3,cloudy,warm,dining,False,0,0,284
1006,3,twin,low_activity,9,1,22,4,cloudy,warm,shopping,True,12,2,63
1006,3,twin,low_activity,9,1,24,5,cloudy,warm,activity,True,1374,1,95
1006,3,twin,low_activity,10,2,13,1,cloudy,hot,activity,True,415,1,157
1006,3,twin,low_activity,10,2,17,2,cloudy,hot,dining,True,853,1,135
1006,3,twin,low_activity,10,2,19,3,cloudy,warm,dining,True,0,0,43
1006,3,twin,low_activity,10,2,22,4,cloudy,hot,dining,False,416,0,200
1006,3,twin,low_activity,10,2,0,5,cloudy,warm,dining,True,256,0,175
1006,3,twin,low_activity,11,3,13,1,clear,mild,dining,False,0,0,0
1006,3,twin,low_activity,11,3,17,2,clear,warm,activity,True,12,1,624
1006,3,twin,low_activity,11,3,19,3,cloudy,hot,dining,True,230,1,165
1006,3,twin,low_activity,11,3,22,4,cloudy,warm,work,True,590,1,167
1006,3,twin,low_activity,11,3,0,5,cloudy,warm,work,False,386,0,317
1006,3,twin,low_activity,12,4,13,1,cloudy,hot,work,False,0,0,0
1006,3,twin,low_activity,12,4,17,2,cloudy,warm,dining,True,0,0,37
1006,3,twin,low_activity,12,4,19,3,cloudy,hot,work,True,28,0,24
1006,3,twin,low_activity,12,4,22,4,cloudy,hot,work,True,13,1,0
1006,3,twin,low_activity,12,4,0,5,cloudy,hot,activity,True,3,0,225
1006,3,twin,low_activity,13,5,13,1,clear,mild,activity,True,0,0,0
1006,3,twin,low_activity,13,5,17,2,clear,warm,activity,False,0,0,316
1006,3,twin,low_activity,13,5,19,3,clear,warm,activity,True,0,0,66
1006,3,twin,low_activity,13,5,22,4,cloudy,warm,shopping,True,0,0,109
1006,3,twin,low_activity,13,5,24,5,cloudy,warm,shopping,True,0,2,0
1006,3,twin,low_activity,14,6,13,1,clear,warm,shopping,True,1399,0,238
1006,3,twin,low_activity,14,6,17,2,cloudy,cool,shopping,False,79,0,116
1006,3,twin,low_activity,14,6,19,3,cloudy,cool,shopping,True,0,1,0
1006,3,twin,low_activity,14,6,22,4,cloudy,mild,shopping,True,0,0,81
1006,3,twin,low_activity,14,6,24,5,cloudy,mild,activity,False,0,0,229
1006,3,twin,low_activity,15,0,13,1,cloudy,warm,shopping,True,0,0,20
1006,3,twin,low_activity,15,0,17,2,cloudy,cool,shopping,False,876,0,209
1006,3,twin,low_activity,15,0,19,3,bad,cool,shopping,True,0,1,0
1006,3,twin,low_activity,15,0,22,4,cloudy,mild,shopping,True,131,2,189
1006,3,twin,low_activity,15,0,0,5,cloudy,mild,dining,True,317,0,183
1006,3,twin,low_activity,16,1,13,1,clear,hot,activity,True,0,2,0
1006,3,twin,low_activity,16,1,17,2,clear,hot,dining,True,0,0,65
1006,3,twin,low_activity,16,1,19,3,clear,hot,work,True,0,0,0
1006,3,twin,low_activity,16,1,22,4,clear,warm,work,True,19,0,124
1006,3,twin,low_activity,16,1,24,5,cloudy,warm,work,True,0,0,95
1006,3,twin,low_activity,17,2,13,1,cloudy,mild,work,True,15,0,0
1006,3,twin,low_activity,17,2,17,2,clear,mild,shopping,True,37,2,35
1006,3,twin,low_activity,17,2,19,3,clear,mild,service,False,0,0,310
1006,3,twin,low_activity,17,2,22,4,clear,mild,activity,True,35,1,292
1006,3,twin,low_activity,17,2,24,5,clear,mild,activity,True,45,0,191
1006,3,twin,low_activity,18,3,13,1,clear,mild,dining,True,0,0,0
1006,3,twin,low_activity,18,3,17,2,cloudy,mild,dining,True,255,1,104
1006,3,twin,low_activity,18,3,19,3,clear,warm,dining,True,97,2,36
1006,3,twin,low_activity,18,3,22,4,clear,warm,work,True,146,0,121
1006,3,twin,low_activity,18,3,24,5,clear,warm,service,True,0,1,0
1006,3,twin,low_activity,19,4,13,1,cloudy,mild,work,True,0,1,0
1006,3,twin,low_activity,19,4,17,2,cloudy,mild,service,True,562,0,182
1006,3,twin,low_activity,19,4,19,3,cloudy,mild,shopping,True,116,2,30
1006,3,twin,low_activity,19,4,22,4,cloudy,mild,shopping,False,1371,0,444
1006,3,twin,low_activity,19,4,24,5,cloudy,mild,dining,True,0,2,0
1006,3,twin,low_activity,20,5,13,1,cloudy,warm,activity,True,0,2,0
1006,3,twin,low_activity,20,5,17,2,cloudy,warm,activity,True,685,1,656
1006,3,twin,low_activity,20,5,19,3,cloudy,warm,activity,False,329,0,479
1006,3,twin,low_activity,20,5,22,4,clear,warm,activity,True,0,1,0
1006,3,twin,low_activity,20,5,24,5,clear,warm,activity,True,0,1,0
1006,3,twin,low_activity,21,6,13,1,clear,mild,activity,True,0,0,0
1006,3,twin,low_activity,21,6,17,2,clear,mild,activity,True,102,2,834
1006,3,twin,low_activity,21,6,19,3,clear,mild,work,True,0,1,0
1006,3,twin,low_activity,21,6,22,4,clear,mild,activity,False,13,0,129
1006,3,twin,low_activity,21,6,24,5,clear,warm,activity,False,0,0,124
1006,3,twin,low_activity,22,0,13,1,clear,mild,activity,False,0,0,0
1006,3,twin,low_activity,22,0,17,2,clear,warm,dining,True,0,2,45
1006,3,twin,low_activity,22,0,19,3,clear,warm,work,False,125,0,338
1006,3,twin,low_activity,22,0,22,4,cloudy,warm,activity,True,582,1,310
1006,3,twin,low_activity,22,0,24,5,cloudy,hot,dining,True,81,2,0
1006,3,twin,low_activity,23,1,13,1,cloudy,warm,service,False,14,0,0
1006,3,twin,low_activity,23,1,17,2,cloudy,warm,service,True,37,1,0
1006,3,twin,low_activity,23,1,19,3,cloudy,hot,shopping,True,0,0,17
1006,3,twin,low_activity,23,1,22,4,cloudy,warm,dining,False,48,0,142
1006,3,twin,low_activity,23,1,24,5,cloudy,warm,activity,True,0,1,0
1006,3,twin,low_activity,24,2,13,1,clear,hot,shopping,True,0,1,0
1006,3,twin,low_activity,24,2,17,2,cloudy,hot,activity,True,178,0,109
1006,3,twin,low_activity,24,2,19,3,cloudy,hot,activity,True,0,0,67
1006,3,twin,low_activity,24,2,22,4,clear,warm,activity,True,5000,2,339
1006,3,twin,low_activity,24,2,0,5,clear,warm,activity,True,169,2,125
1006,3,twin,low_activity,25,3,13,1,cloudy,warm,work,True,0,2,0
1006,3,twin,low_activity,25,3,17,2,cloudy,warm,shopping,True,23,0,62
1006,3,twin,low_activity,25,3,19,3,cloudy,warm,activity,True,35,1,120
1006,3,twin,low_activity,25,3,22,4,cloudy,warm,service,True,57,1,198
1006,3,twin,low_activity,25,3,0,5,cloudy,warm,shopping,True,428,0,206
1006,3,twin,low_activity,26,4,13,1,cloudy,warm,service,True,0,2,0
1006,3,twin,low_activity,26,4,17,2,cloudy,warm,shopping,True,2020,1,164
1006,3,twin,low_activity,26,4,19,3,clear,warm,dining,True,0,0,0
1006,3,twin,low_activity,26,4,22,4,clear,warm,service,True,0,0,80
1006,3,twin,low_activity,26,4,24,5,clear,warm,service,True,0,2,0
1006,3,twin,low_activity,27,5,13,1,clear,warm,activity,True,0,0,0
1006,3,twin,low_activity,27,5,17,2,clear,cool,activity,True,9,2,1042
1006,3,twin,low_activity,27,5,19,3,clear,cool,work,True,53,0,0
1006,3,twin,low_activity,27,5,22,4,cloudy,mild,shopping,False,228,0,165
1006,3,twin,low_activity,27,5,24,5,cloudy,mild,activity,True,243,0,206
1006,3,twin,low_activity,28,6,13,1,cloudy,hot,work,True,0,1,0
1006,3,twin,low_activity,28,6,17,2,cloudy,hot,shopping,False,657,0,358
1006,3,twin,low_activity,28,6,19,3,cloudy,warm,shopping,True,288,0,113
1006,3,twin,low_activity,28,6,22,4,cloudy,warm,activity,True,12,2,346
1006,3,twin,low_activity,28,6,0,5,cloudy,hot,activity,True,0,2,0
1006,3,twin,low_activity,29,0,13,1,clear,mild,service,True,0,0,0
1006,3,twin,low_activity,29,0,17,2,cloudy,mild,shopping,True,626,2,105
1006,3,twin,low_activity,29,0,19,3,cloudy,warm,dining,True,0,2,0
1006,3,twin,low_activity,29,0,22,4,cloudy,cool,dining,True,613,2,290
1006,3,twin,low_activity,29,0,0,5,cloudy,warm,activity,True,652,1,80
1006,3,twin,low_activity,30,1,13,1,cloudy,mild,activity,True,6,2,0
1006,3,twin,low_activity,30,1,17,2,cloudy,mild,service,True,425,0,153
1006,3,twin,low_activity,30,1,19,3,cloudy,warm,dining,True,0,2,0
1006,3,twin,low_activity,30,1,22,4,cloudy,cool,activity,True,9,0,136
1006,3,twin,low_activity,30,1,24,5,cloudy,cool,activity,True,0,0,125
1006,3,twin,low_activity,31,2,13,1,clear,warm,work,True,3,2,0
1006,3,twin,low_activity,31,2,17,2,clear,hot,dining,True,0,0,196
1006,3,twin,low_activity,31,2,19,3,clear,hot,service,True,0,2,0
1006,3,twin,low_activity,31,2,22,4,clear,hot,service,True,1035,2,223
1006,3,twin,low_activity,31,2,24,5,clear,hot,dining,True,139,1,0
1006,3,twin,low_activity,32,3,13,1,cloudy,mild,work,True,0,2,0
1006,3,twin,low_activity,32,3,17,2,clear,warm,work,True,1582,0,52
1006,3,twin,low_activity,32,3,19,3,clear,warm,activity,True,651,0,201
1006,3,twin,low_activity,32,3,22,4,clear,warm,service,True,90,1,195
1006,3,twin,low_activity,32,3,0,5,clear,warm,shopping,True,0,0,25
1006,3,twin,low_activity,33,4,13,1,cloudy,mild,activity,True,0,0,0
1006,3,twin,low_activity,33,4,17,2,clear,mild,work,True,0,1,0
1006,3,twin,low_activity,33,4,19,3,clear,warm,work,True,26,2,31
1006,3,twin,low_activity,33,4,22,4,clear,warm,work,True,824,1,178
1006,3,twin,low_activity,33,4,0,5,clear,warm,dining,True,28,1,0
1006,3,twin,low_activity,34,5,13,1,cloudy,warm,dining,True,0,1,0
1006,3,twin,low_activity,34,5,17,2,clear,warm,service,False,0,0,285
1006,3,twin,low_activity,34,5,19,3,clear,warm,shopping,False,43,0,332
1006,3,twin,low_activity,34,5,22,4,clear,hot,activity,False,70,0,196
1006,3,twin,low_activity,34,5,24,5,clear,warm,activity,True,448,0,340
1006,3,twin,low_activity,35,6,13,1,clear,warm,activity,True,0,2,0
1006,3,twin,low_activity,35,6,17,2,clear,hot,work,True,116,1,45
1006,3,twin,low_activity,35,6,19,3,cloudy,warm,dining,True,0,2,0
1006,3,twin,low_activity,35,6,22,4,cloudy,warm,service,False,267,0,159
1006,3,twin,low_activity,35,6,0,5,cloudy,hot,shopping,True,0,2,0
1006,3,twin,low_activity,36,0,13,1,clear,hot,work,True,0,0,0
1006,3,twin,low_activity,36,0,17,2,cloudy,hot,work,True,41,0,44
1006,3,twin,low_activity,36,0,19,3,cloudy,hot,dining,True,329,0,114
1006,3,twin,low_activity,36,0,22,4,cloudy,warm,service,True,48,2,227
1006,3,twin,low_activity,36,0,24,5,cloudy,hot,service,False,0,0,84
1006,3,twin,low_activity,37,1,13,1,cloudy,hot,service,True,0,2,0
1006,3,twin,low_activity,37,1,17,2,cloudy,hot,shopping,True,53,0,67
1006,3,twin,low_activity,37,1,19,3,clear,hot,shopping,True,0,1,0
1006,3,twin,low_activity,37,1,22,4,clear,hot,activity,True,6,0,245
1006,3,twin,low_activity,37,1,0,5,clear,hot,activity,True,0,2,0
1006,3,twin,low_activity,38,2,13,1,clear,mild,dining,False,0,0,0
1006,3,twin,low_activity,38,2,17,2,clear,mild,activity,True,120,0,116
1006,3,twin,low_activity,38,2,19,3,cloudy,mild,dining,True,0,0,0
1006,3,twin,low_activity,38,2,22,4,cloudy,warm,activity,False,0,0,177
1006,3,twin,low_activity,38,2,24,5,cloudy,warm,activity,False,82,0,266
1007,3,twin,low_activity,1,0,13,1,cloudy,warm,activity,True,0,2,0
1007,3,twin,low_activity,1,0,17,2,cloudy,warm,activity,True,3366,2,827
1007,3,twin,low_activity,1,0,19,3,clear,warm,activity,True,0,0,91
1007,3,twin,low_activity,1,0,22,4,clear,hot,activity,False,434,0,226
1007,3,twin,low_activity,1,0,24,5,clear,hot,work,True,0,1,0
1007,3,twin,low_activity,2,1,13,1,cloudy,mild,work,True,0,0,0
1007,3,twin,low_activity,2,1,17,2,cloudy,mild,work,True,457,2,117
1007,3,twin,low_activity,2,1,19,3,cloudy,warm,work,True,519,2,38
1007,3,twin,low_activity,2,1,22,4,cloudy,warm,work,True,19,0,94
1007,3,twin,low_activity,2,1,24,5,cloudy,warm,work,True,184,2,0
1007,3,twin,low_activity,3,2,13,1,cloudy,hot,shopping,True,705,1,0
1007,3,twin,low_activity,3,2,17,2,cloudy,hot,dining,True,2,1,0
1007,3,twin,low_activity,3,2,19,3,cloudy,warm,activity,True,0,1,0
1007,3,twin,low_activity,3,2,22,4,cloudy,cool,activity,True,607,2,422
1007,3,twin,low_activity,3,2,24,5,cloudy,cool,dining,True,0,2,0
1007,3,twin,low_activity,4,3,13,1,cloudy,cool,activity,True,49,1,0
1007,3,twin,low_activity,4,3,17,2,clear,cool,activity,True,0,0,0
1007,3,twin,low_activity,4,3,19,3,cloudy,cool,activity,True,0,1,0
1007,3,twin,low_activity,4,3,22,4,cloudy,warm,service,False,140,0,137
1007,3,twin,low_activity,4,3,24,5,cloudy,warm,shopping,False,609,0,21
1007,3,twin,low_activity,5,4,13,1,cloudy,mild,activity,True,0,1,0
1007,3,twin,low_activity,5,4,17,2,cloudy,mild,activity,True,266,0,103
1007,3,twin,low_activity,5,4,19,3,cloudy,warm,dining,True,91,2,41
1007,3,twin,low_activity,5,4,22,4,clear,warm,activity,False,147,0,175
1007,3,twin,low_activity,5,4,0,5,clear,warm,dining,True,42,1,0
1007,3,twin,low_activity,6,5,13,1,clear,mild,activity,True,1559,1,0
1007,3,twin,low_activity,6,5,17,2,clear,warm,activity,True,1830,0,138
1007,3,twin,low_activity,6,5,19,3,clear,warm,shopping,True,0,0,36
1007,3,twin,low_activity,6,5,22,4,clear,warm,shopping,False,221,0,159
1007,3,twin,low_activity,6,5,0,5,clear,warm,activity,False,104,0,320
1007,3,twin,low_activity,7,6,13,1,cloudy,warm,activity,True,0,2,0
1007,3,twin,low_activity,7,6,17,2,clear,hot,activity,True,28,0,103
1007,3,twin,low_activity,7,6,19,3,clear,hot,activity,True,1095,2,67
1007,3,twin,low_activity,7,6,22,4,clear,warm,activity,False,24,0,132
1007,3,twin,low_activity,7,6,0,5,clear,warm,activity,False,183,0,263
1007,3,twin,low_activity,8,0,13,1,clear,warm,work,True,16,2,0
1007,3,twin,low_activity,8,0,17,2,cloudy,hot,work,False,1770,0,626
1007,3,twin,low_activity,8,0,19,3,cloudy,hot,work,True,0,1,0
1007,3,twin,low_activity,8,0,22,4,cloudy,hot,shopping,False,1663,0,87
1007,3,twin,low_activity,8,0,24,5,cloudy,warm,dining,False,255,0,220
1007,3,twin,low_activity,9,1,13,1,cloudy,warm,shopping,True,0,0,24
1007,3,twin,low_activity,9,1,17,2,clear,warm,dining,True,0,2,0
1007,3,twin,low_activity,9,1,19,3,clear,warm,service,True,435,0,61
1007,3,twin,low_activity,9,1,22,4,clear,warm,service,False,242,0,183
1007,3,twin,low_activity,9,1,0,5,clear,warm,shopping,True,0,1,0
1007,3,twin,low_activity,10,2,13,1,cloudy,warm,service,True,0,0,34
1007,3,twin,low_activity,10,2,17,2,cloudy,warm,service,False,0,0,205
1007,3,twin,low_activity,10,2,19,3,cloudy,warm,shopping,False,156,0,330
1007,3,twin,low_activity,10,2,22,4,cloudy,warm,dining,False,592,0,265
1007,3,twin,low_activity,10,2,0,5,clear,warm,service,True,0,0,122
1007,3,twin,low_activity,11,3,13,1,cloudy,mild,activity,True,0,0,31
1007,3,twin,low_activity,11,3,17,2,cloudy,warm,activity,True,8,1,624
1007,3,twin,low_activity,11,3,19,3,cloudy,warm,activity,True,351,2,200
1007,3,twin,low_activity,11,3,22,4,cloudy,warm,work,True,440,2,273
1007,3,twin,low_activity,11,3,0,5,cloudy,warm,work,True,0,2,0
1007,3,twin,low_activity,12,4,13,1,clear,hot,work,True,0,1,0
1007,3,twin,low_activity,12,4,17,2,cloudy,hot,activity,True,45,1,700
1007,3,twin,low_activity,12,4,19,3,clear,hot,activity,True,0,0,51
1007,3,twin,low_activity,12,4,22,4,clear,hot,work,True,983,2,210
1007,3,twin,low_activity,12,4,0,5,clear,hot,work,True,0,0,90
1007,3,twin,low_activity,13,5,13,1,clear,cool,activity,True,0,0,0
1007,3,twin,low_activity,13,5,17,2,clear,mild,activity,True,117,2,817
1007,3,twin,low_activity,13,5,19,3,clear,warm,activity,True,0,1,0
1007,3,twin,low_activity,13,5,22,4,clear,warm,activity,True,19,0,173
1007,3,twin,low_activity,13,5,24,5,clear,warm,dining,True,88,1,0
1007,3,twin,low_activity,14,6,13,1,cloudy,warm,shopping,True,102,2,0
1007,3,twin,low_activity,14,6,17,2,cloudy,hot,shopping,True,0,1,0
1007,3,twin,low_activity,14,6,19,3,clear,warm,activity,True,0,0,100
1007,3,twin,low_activity,14,6,22,4,clear,freezing,activity,True,52,2,300
1007,3,twin,low_activity,14,6,0,5,cloudy,warm,dining,True,0,0,107
1007,3,twin,low_activity,15,0,13,1,cloudy,warm,work,True,0,1,0
1007,3,twin,low_activity,15,0,17,2,cloudy,warm,work,True,48,1,0
1007,3,twin,low_activity,15,0,19,3,cloudy,warm,work,True,0,1,0
1007,3,twin,low_activity,15,0,22,4,cloudy,warm,activity,True,11,2,348
1007,3,twin,low_activity,15,0,0,5,cloudy,warm,dining,True,230,1,0
1007,3,twin,low_activity,16,1,13,1,clear,warm,work,True,0,1,0
1007,3,twin,low_activity,16,1,17,2,clear,cool,activity,True,72,0,116
1007,3,twin,low_activity,16,1,19,3,clear,mild,activity,True,66,0,99
1007,3,twin,low_activity,16,1,22,4,clear,warm,service,False,49,0,123
1007,3,twin,low_activity,16,1,0,5,clear,warm,shopping,False,0,0,0
1007,3,twin,low_activity,17,2,13,1,cloudy,hot,work,True,0,2,0
1007,3,twin,low_activity,17,2,17,2,cloudy,warm,work,True,64,0,76
1007,3,twin,low_activity,17,2,19,3,cloudy,warm,work,True,0,1,0
1007,3,twin,low_activity,17,2,22,4,cloudy,warm,work,False,40,0,80
1007,3,twin,low_activity,17,2,0,5,cloudy,warm,work,True,0,1,0
1007,3,twin,low_activity,18,3,13,1,cloudy,warm,work,True,4,1,0
1007,3,twin,low_activity,18,3,17,2,cloudy,warm,work,True,0,0,54
1007,3,twin,low_activity,18,3,19,3,clear,warm,activity,True,10,0,72
1007,3,twin,low_activity,18,3,22,4,clear,warm,activity,True,25,0,132
1007,3,twin,low_activity,18,3,0,5,clear,warm,activity,True,0,0,172
1007,3,twin,low_activity,19,4,13,1,cloudy,warm,activity,True,18,0,58
1007,3,twin,low_activity,19,4,17,2,clear,warm,activity,True,164,2,614
1007,3,twin,low_activity,19,4,19,3,cloudy,warm,dining,True,53,0,56
1007,3,twin,low_activity,19,4,22,4,cloudy,warm,work,True,0,0,99
1007,3,twin,low_activity,19,4,24,5,cloudy,hot,work,True,0,0,0
1007,3,twin,low_activity,20,5,13,1,cloudy,hot,work,True,0,1,0
1007,3,twin,low_activity,20,5,17,2,cloudy,warm,activity,True,60,2,493
1007,3,twin,low_activity,20,5,19,3,cloudy,warm,activity,False,0,0,390
1007,3,twin,low_activity,20,5,22,4,cloudy,warm,work,False,0,0,75
1007,3,twin,low_activity,20,5,0,5,cloudy,hot,dining,True,155,1,0
1007,3,twin,low_activity,21,6,13,1,clear,warm,activity,True,0,0,42
1007,3,twin,low_activity,21,6,17,2,clear,mild,activity,True,73,2,638
1007,3,twin,low_activity,21,6,19,3,clear,warm,activity,True,0,1,0
1007,3,twin,low_activity,21,6,22,4,clear,warm,shopping,False,246,0,150
1007,3,twin,low_activity,21,6,0,5,clear,warm,shopping,False,0,0,0
1007,3,twin,low_activity,22,0,13,1,cloudy,warm,work,True,950,0,298
1007,3,twin,low_activity,22,0,17,2,cloudy,hot,activity,True,367,0,131
1007,3,twin,low_activity,22,0,19,3,cloudy,hot,service,True,0,0,0
1007,3,twin,low_activity,22,0,22,4,cloudy,hot,shopping,False,0,0,58
1007,3,twin,low_activity,22,0,0,5,cloudy,hot,dining,True,73,1,0
1007,3,twin,low_activity,23,1,13,1,clear,mild,work,True,0,0,19
1007,3,twin,low_activity,23,1,17,2,clear,mild,work,True,399,1,643
1007,3,twin,low_activity,23,1,19,3,clear,warm,service,False,80,0,377
1007,3,twin,low_activity,23,1,22,4,clear,warm,dining,True,124,0,145
1007,3,twin,low_activity,23,1,0,5,clear,hot,service,False,0,0,164
1007,3,twin,low_activity,24,2,13,1,cloudy,hot,work,True,0,0,25
1007,3,twin,low_activity,24,2,17,2,bad,warm,work,True,0,0,0
1007,3,twin,low_activity,24,2,19,3,cloudy,warm,work,True,89,0,61
1007,3,twin,low_activity,24,2,22,4,cloudy,warm,service,True,0,1,0
1007,3,twin,low_activity,24,2,0,5,cloudy,warm,shopping,False,0,0,181
1007,3,twin,low_activity,25,3,13,1,cloudy,warm,shopping,True,0,0,16
1007,3,twin,low_activity,25,3,17,2,cloudy,warm,activity,True,44,1,655
1007,3,twin,low_activity,25,3,19,3,clear,warm,work,True,0,1,0
1007,3,twin,low_activity,25,3,22,4,clear,warm,work,True,263,0,108
1007,3,twin,low_activity,25,3,24,5,clear,hot,service,True,103,0,94
1007,3,twin,low_activity,26,4,13,1,cloudy,mild,service,True,0,0,11
1007,3,twin,low_activity,26,4,17,2,cloudy,mild,shopping,True,66,0,95
1007,3,twin,low_activity,26,4,19,3,cloudy,mild,dining,True,0,2,0
1007,3,twin,low_activity,26,4,22,4,cloudy,mild,service,True,0,0,80
1007,3,twin,low_activity,26,4,24,5,cloudy,mild,shopping,False,43,0,74
1007,3,twin,low_activity,27,5,13,1,clear,mild,activity,False,0,0,11
1007,3,twin,low_activity,27,5,17,2,cloudy,mild,service,False,5,0,204
1007,3,twin,low_activity,27,5,19,3,cloudy,mild,shopping,True,0,0,0
1007,3,twin,low_activity,27,5,22,4,clear,warm,activity,False,63,0,178
1007,3,twin,low_activity,27,5,0,5,clear,hot,activity,True,43,1,105
1007,3,twin,low_activity,28,6,13,1,cloudy,mild,dining,True,0,1,0
1007,3,twin,low_activity,28,6,17,2,cloudy,mild,activity,True,60,0,76
1007,3,twin,low_activity,28,6,19,3,cloudy,mild,activity,True,32,0,60
1007,3,twin,low_activity,28,6,22,4,cloudy,mild,work,True,0,1,0
1007,3,twin,low_activity,28,6,24,5,clear,mild,activity,True,0,0,309
1007,3,twin,low_activity,29,0,13,1,clear,mild,activity,True,0,2,0
1007,3,twin,low_activity,29,0,17,2,clear,warm,dining,True,0,1,0
1007,3,twin,low_activity,29,0,19,3,clear,hot,service,True,87,2,40
1007,3,twin,low_activity,29,0,22,4,clear,hot,service,False,0,0,0
1007,3,twin,low_activity,29,0,0,5,clear,hot,service,False,0,0,124
1007,3,twin,low_activity,30,1,13,1,cloudy,warm,work,True,0,2,0
1007,3,twin,low_activity,30,1,17,2,cloudy,warm,work,True,166,2,540
1007,3,twin,low_activity,30,1,19,3,clear,warm,shopping,True,0,0,39
1007,3,twin,low_activity,30,1,22,4,clear,warm,activity,True,0,1,0
1007,3,twin,low_activity,30,1,0,5,clear,warm,dining,True,194,1,0
1007,3,twin,low_activity,31,2,13,1,clear,warm,shopping,True,0,0,0
1007,3,twin,low_activity,31,2,17,2,clear,warm,activity,True,77,2,522
1007,3,twin,low_activity,31,2,19,3,clear,warm,dining,True,261,2,33
1007,3,twin,low_activity,31,2,22,4,clear,warm,dining,True,0,1,0
1007,3,twin,low_activity,31,2,0,5,clear,warm,activity,True,0,2,124
1007,3,twin,low_activity,32,3,13,1,clear,warm,shopping,True,82,0,0
1007,3,twin,low_activity,32,3,17,2,clear,warm,activity,True,0,2,625
1007,3,twin,low_activity,32,3,19,3,clear,warm,activity,True,0,0,94
1007,3,twin,low_activity,32,3,22,4,cloudy,warm,activity,False,838,0,168
1007,3,twin,low_activity,32,3,24,5,cloudy,warm,activity,True,84,1,124
1007,3,twin,low_activity,33,4,13,1,cloudy,cool,activity,True,0,1,0
1007,3,twin,low_activity,33,4,17,2,cloudy,cool,activity,True,0,1,50
1007,3,twin,low_activity,33,4,19,3,clear,cool,work,True,0,0,33
1007,3,twin,low_activity,33,4,22,4,clear,mild,work,True,43,2,196
1007,3,twin,low_activity,33,4,24,5,cloudy,mild,shopping,True,141,1,23
1007,3,twin,low_activity,34,5,13,1,clear,mild,activity,True,0,0,0
1007,3,twin,low_activity,34,5,17,2,clear,mild,activity,True,178,1,636
1007,3,twin,low_activity,34,5,19,3,clear,warm,activity,True,0,1,0
1007,3,twin,low_activity,34,5,22,4,clear,warm,shopping,True,79,0,131
1007,3,twin,low_activity,34,5,0,5,clear,hot,activity,True,472,0,239
1007,3,twin,low_activity,35,6,13,1,cloudy,warm,shopping,True,0,2,0
1007,3,twin,low_activity,35,6,17,2,cloudy,warm,activity,True,0,0,59
1007,3,twin,low_activity,35,6,19,3,clear,warm,dining,True,0,0,0
1007,3,twin,low_activity,35,6,22,4,clear,warm,dining,False,710,0,401
1007,3,twin,low_activity,35,6,24,5,clear,hot,dining,True,65,0,74
1007,3,twin,low_activity,36,0,13,1,cloudy,warm,activity,True,0,0,0
1007,3,twin,low_activity,36,0,17,2,cloudy,warm,service,True,75,2,102
1007,3,twin,low_activity,36,0,19,3,cloudy,warm,shopping,True,29,1,0
1007,3,twin,low_activity,36,0,22,4,clear,warm,activity,False,715,0,420
1007,3,twin,low_activity,36,0,24,5,clear,hot,activity,True,177,2,112
1007,3,twin,low_activity,37,1,13,1,cloudy,hot,work,True,0,2,0
1007,3,twin,low_activity,37,1,17,2,cloudy,hot,work,True,41,0,52
1007,3,twin,low_activity,37,1,19,3,cloudy,hot,work,True,0,2,0
1007,3,twin,low_activity,37,1,22,4,cloudy,hot,work,True,154,1,78
1007,3,twin,low_activity,37,1,24,5,cloudy,hot,work,True,0,1,0
1007,3,twin,low_activity,38,2,13,1,clear,mild,work,False,49,0,0
1007,3,twin,low_activity,38,2,17,2,clear,mild,dining,True,13,1,0
1007,3,twin,low_activity,38,2,19,3,clear,mild,activity,True,26,2,0
1007,3,twin,low_activity,38,2,22,4,clear,mild,work,False,0,0,39
1007,3,twin,low_activity,38,2,0,5,clear,warm,service,True,108,1,0
1008,3,edge,low_activity,1,0,10,1,clear,mild,shopping,True,0,0,0
1008,3,edge,low_activity,1,0,14,2,clear,mild,activity,True,82,0,77
1008,3,edge,low_activity,1,0,16,3,clear,warm,work,True,103,2,47
1008,3,edge,low_activity,1,0,19,4,clear,warm,work,True,453,2,256
1008,3,edge,low_activity,1,0,21,5,clear,warm,dining,True,0,1,0
1008,3,edge,low_activity,2,1,10,1,cloudy,hot,dining,True,0,2,0
1008,3,edge,low_activity,2,1,14,2,cloudy,hot,activity,True,125,1,650
1008,3,edge,low_activity,2,1,16,3,cloudy,hot,dining,True,327,2,32
1008,3,edge,low_activity,2,1,19,4,clear,warm,service,True,649,1,213
1008,3,edge,low_activity,2,1,21,5,cloudy,warm,service,False,0,0,296
1008,3,edge,low_activity,3,2,10,1,cloudy,mild,work,True,0,2,0
1008,3,edge,low_activity,3,2,14,2,cloudy,mild,service,False,0,0,328
1008,3,edge,low_activity,3,2,16,3,cloudy,mild,activity,True,0,0,42
1008,3,edge,low_activity,3,2,19,4,cloudy,mild,dining,True,247,2,250
1008,3,edge,low_activity,3,2,21,5,cloudy,warm,activity,True,0,1,0
1008,3,edge,low_activity,4,3,10,1,cloudy,mild,work,True,0,0,0
1008,3,edge,low_activity,4,3,14,2,clear,mild,activity,True,737,1,950
1008,3,edge,low_activity,4,3,16,3,clear,mild,dining,True,0,0,22
1008,3,edge,low_activity,4,3,19,4,clear,mild,work,True,575,0,264
1008,3,edge,low_activity,4,3,21,5,clear,mild,work,True,0,2,0
1008,3,edge,low_activity,5,4,10,1,cloudy,mild,work,True,1137,2,0
1008,3,edge,low_activity,5,4,14,2,cloudy,warm,activity,True,0,1,970
1008,3,edge,low_activity,5,4,16,3,cloudy,warm,service,True,39,0,39
1008,3,edge,low_activity,5,4,19,4,cloudy,warm,service,True,492,0,203
1008,3,edge,low_activity,5,4,21,5,cloudy,warm,service,False,391,0,411
1008,3,edge,low_activity,6,5,10,1,cloudy,mild,activity,False,0,0,0
1008,3,edge,low_activity,6,5,14,2,cloudy,mild,shopping,True,23,0,40
1008,3,edge,low_activity,6,5,16,3,cloudy,mild,shopping,True,0,1,0
1008,3,edge,low_activity,6,5,19,4,cloudy,warm,shopping,True,176,2,184
1008,3,edge,low_activity,6,5,21,5,cloudy,warm,shopping,False,172,0,403
1008,3,edge,low_activity,7,6,10,1,cloudy,warm,shopping,True,121,0,0
1008,3,edge,low_activity,7,6,14,2,cloudy,freezing,activity,False,556,0,482
1008,3,edge,low_activity,7,6,16,3,cloudy,warm,dining,True,100,0,51
1008,3,edge,low_activity,7,6,19,4,cloudy,warm,service,False,0,0,147
1008,3,edge,low_activity,7,6,21,5,cloudy,warm,shopping,True,800,2,22
1008,3,edge,low_activity,8,0,10,1,cloudy,mild,work,True,0,1,0
1008,3,edge,low_activity,8,0,14,2,cloudy,mild,service,True,181,0,108
1008,3,edge,low_activity,8,0,16,3,cloudy,mild,service,True,183,1,47
1008,3,edge,low_activity,8,0,19,4,cloudy,mild,service,False,32,0,45
1008,3,edge,low_activity,8,0,21,5,cloudy,mild,service,False,165,0,386
1008,3,edge,low_activity,9,1,10,1,clear,warm,work,True,0,0,0
1008,3,edge,low_activity,9,1,14,2,clear,warm,activity,True,0,2,0
1008,3,edge,low_activity,9,1,16,3,cloudy,warm,work,True,0,2,0
1008,3,edge,low_activity,9,1,19,4,cloudy,cool,shopping,False,73,0,193
1008,3,edge,low_activity,9,1,21,5,cloudy,cool,dining,True,725,1,28
1008,3,edge,low_activity,10,2,10,1,clear,warm,work,True,0,1,0
1008,3,edge,low_activity,10,2,14,2,cloudy,warm,work,True,65,0,73
1008,3,edge,low_activity,10,2,16,3,cloudy,warm,activity,True,0,1,0
1008,3,edge,low_activity,10,2,19,4,cloudy,warm,dining,False,101,0,274
1008,3,edge,low_activity,10,2,21,5,cloudy,warm,activity,False,455,0,497
1008,3,edge,low_activity,11,3,10,1,cloudy,mild,activity,True,36,2,0
1008,3,edge,low_activity,11,3,14,2,cloudy,mild,dining,True,102,2,58
1008,3,edge,low_activity,11,3,16,3,cloudy,warm,service,False,282,0,789
1008,3,edge,low_activity,11,3,19,4,cloudy,warm,shopping,True,0,0,88
1008,3,edge,low_activity,11,3,21,5,cloudy,warm,dining,True,0,2,0
1008,3,edge,low_activity,12,4,10,1,cloudy,hot,work,True,0,2,0
1008,3,edge,low_activity,12,4,14,2,cloudy,hot,dining,True,46,1,52
1008,3,edge,low_activity,12,4,16,3,clear,warm,work,True,0,2,0
1008,3,edge,low_activity,12,4,19,4,clear,warm,activity,False,4338,0,260
1008,3,edge,low_activity,12,4,21,5,clear,warm,work,False,162,0,473
1008,3,edge,low_activity,13,5,10,1,clear,warm,shopping,True,79,0,0
1008,3,edge,low_activity,13,5,14,2,clear,hot,activity,True,19,0,91
1008,3,edge,low_activity,13,5,16,3,cloudy,hot,activity,True,0,0,0
1008,3,edge,low_activity,13,5,19,4,clear,warm,activity,True,73,0,127
1008,3,edge,low_activity,13,5,21,5,cloudy,warm,activity,True,6,1,0
1008,3,edge,low_activity,14,6,10,1,clear,mild,shopping,True,0,0,0
1008,3,edge,low_activity,14,6,14,2,cloudy,mild,activity,True,0,2,0
1008,3,edge,low_activity,14,6,16,3,cloudy,mild,activity,True,3189,0,901
1008,3,edge,low_activity,14,6,19,4,cloudy,warm,activity,False,1073,0,604
1008,3,edge,low_activity,14,6,21,5,cloudy,warm,activity,True,41,2,0
1008,3,edge,low_activity,15,0,10,1,cloudy,warm,work,True,0,2,0
1008,3,edge,low_activity,15,0,14,2,clear,warm,activity,True,480,0,289
1008,3,edge,low_activity,15,0,16,3,cloudy,warm,dining,True,130,1,26
1008,3,edge,low_activity,15,0,19,4,cloudy,warm,activity,False,201,0,284
1008,3,edge,low_activity,15,0,21,5,cloudy,warm,activity,True,0,0,137
1008,3,edge,low_activity,16,1,10,1,cloudy,hot,dining,True,0,2,0
1008,3,edge,low_activity,16,1,14,2,cloudy,warm,dining,True,106,1,20
1008,3,edge,low_activity,16,1,16,3,cloudy,warm,shopping,True,0,2,0
1008,3,edge,low_activity,16,1,19,4,cloudy,warm,shopping,True,3006,0,225
1008,3,edge,low_activity,16,1,21,5,cloudy,warm,shopping,True,330,1,0
1008,3,edge,low_activity,17,2,10,1,cloudy,warm,dining,True,0,0,0
1008,3,edge,low_activity,17,2,14,2,cloudy,warm,service,False,1516,0,680
1008,3,edge,low_activity,17,2,16,3,cloudy,warm,dining,True,0,0,0
1008,3,edge,low_activity,17,2,19,4,clear,mild,work,False,0,0,137
1008,3,edge,low_activity,17,2,21,5,clear,warm,dining,True,567,2,0
1008,3,edge,low_activity,18,3,10,1,clear,hot,work,True,139,0,45
1008,3,edge,low_activity,18,3,14,2,clear,hot,work,True,206,0,75
1008,3,edge,low_activity,18,3,16,3,clear,hot,dining,True,0,0,0
1008,3,edge,low_activity,18,3,19,4,cloudy,hot,service,False,893,0,150
1008,3,edge,low_activity,18,3,21,5,cloudy,warm,activity,True,50,1,75
1008,3,edge,low_activity,19,4,10,1,cloudy,warm,work,True,0,2,0
1008,3,edge,low_activity,19,4,14,2,cloudy,cool,work,True,0,0,25
1008,3,edge,low_activity,19,4,16,3,cloudy,mild,activity,False,0,0,0
1008,3,edge,low_activity,19,4,19,4,cloudy,mild,activity,True,0,0,149
1008,3,edge,low_activity,19,4,21,5,cloudy,mild,dining,True,10,0,114
1008,3,edge,low_activity,20,5,10,1,cloudy,warm,activity,True,121,1,0
1008,3,edge,low_activity,20,5,14,2,cloudy,warm,activity,True,669,1,911
1008,3,edge,low_activity,20,5,16,3,cloudy,warm,work,True,0,2,0
1008,3,edge,low_activity,20,5,19,4,cloudy,mild,activity,True,914,0,288
1008,3,edge,low_activity,20,5,21,5,cloudy,mild,activity,True,38,0,190
1008,3,edge,low_activity,21,6,10,1,cloudy,warm,activity,True,0,0,0
1008,3,edge,low_activity,21,6,14,2,cloudy,warm,activity,True,231,0,321
1008,3,edge,low_activity,21,6,16,3,clear,warm,work,True,2,0,42
1008,3,edge,low_activity,21,6,19,4,clear,warm,dining,True,233,0,150
1008,3,edge,low_activity,21,6,21,5,clear,warm,dining,True,169,0,156
1008,3,edge,low_activity,22,0,10,1,cloudy,mild,work,True,0,1,0
1008,3,edge,low_activity,22,0,14,2,cloudy,mild,service,True,497,0,78
1008,3,edge,low_activity,22,0,16,3,cloudy,mild,shopping,True,0,2,0
1008,3,edge,low_activity,22,0,19,4,clear,warm,dining,True,340,2,154
1008,3,edge,low_activity,22,0,21,5,clear,warm,service,True,0,0,85
1008,3,edge,low_activity,23,1,10,1,cloudy,warm,dining,True,0,0,0
1008,3,edge,low_activity,23,1,14,2,clear,warm,activity,True,188,1,510
1008,3,edge,low_activity,23,1,16,3,clear,warm,activity,True,0,0,135
1008,3,edge,low_activity,23,1,19,4,clear,warm,activity,True,1146,2,348
1008,3,edge,low_activity,23,1,21,5,clear,warm,service,True,245,0,154
1008,3,edge,low_activity,24,2,10,1,clear,mild,shopping,True,36,0,0
1008,3,edge,low_activity,24,2,14,2,clear,warm,dining,True,22,2,26
1008,3,edge,low_activity,24,2,16,3,clear,warm,activity,True,0,2,0
1008,3,edge,low_activity,24,2,19,4,clear,warm,dining,True,0,2,0
1008,3,edge,low_activity,24,2,21,5,clear,warm,work,True,0,0,0
1008,3,edge,low_activity,25,3,10,1,cloudy,warm,work,True,0,2,0
1008,3,edge,low_activity,25,3,14,2,clear,warm,service,True,0,0,44
1008,3,edge,low_activity,25,3,16,3,clear,warm,service,True,0,1,0
1008,3,edge,low_activity,25,3,19,4,clear,hot,shopping,True,0,1,0
1008,3,edge,low_activity,25,3,21,5,cloudy,hot,activity,True,0,2,0
1008,3,edge,low_activity,26,4,10,1,cloudy,mild,service,True,0,1,0
1008,3,edge,low_activity,26,4,14,2,cloudy,warm,shopping,False,42,0,383
1008,3,edge,low_activity,26,4,16,3,cloudy,hot,dining,False,0,0,165
1008,3,edge,low_activity,26,4,19,4,clear,hot,shopping,True,132,0,137
1008,3,edge,low_activity,26,4,21,5,cloudy,hot,activity,True,73,0,117
1008,3,edge,low_activity,27,5,10,1,cloudy,mild,activity,True,0,0,0
1008,3,edge,low_activity,27,5,14,2,cloudy,warm,activity,False,0,0,586
1008,3,edge,low_activity,27,5,16,3,cloudy,hot,dining,True,0,0,22
1008,3,edge,low_activity,27,5,19,4,cloudy,warm,dining,True,2998,2,235
1008,3,edge,low_activity,27,5,21,5,cloudy,warm,dining,False,93,0,362
1008,3,edge,low_activity,28,6,10,1,cloudy,warm,activity,True,37,1,0
1008,3,edge,low_activity,28,6,14,2,cloudy,warm,activity,True,45,2,640
1008,3,edge,low_activity,28,6,16,3,cloudy,warm,work,True,0,0,30
1008,3,edge,low_activity,28,6,19,4,cloudy,warm,activity,False,1805,0,727
1008,3,edge,low_activity,28,6,21,5,cloudy,warm,activity,True,170,2,180
1008,3,edge,low_activity,29,0,10,1,clear,warm,dining,True,0,2,0
1008,3,edge,low_activity,29,0,14,2,clear,warm,work,True,157,0,71
1008,3,edge,low_activity,29,0,16,3,clear,warm,work,True,0,0,51
1008,3,edge,low_activity,29,0,19,4,clear,warm,work,True,508,0,183
1008,3,edge,low_activity,29,0,21,5,clear,warm,work,True,463,0,146
1008,3,edge,low_activity,30,1,10,1,cloudy,mild,work,True,0,1,0
1008,3,edge,low_activity,30,1,14,2,cloudy,warm,work,True,31,0,28
1008,3,edge,low_activity,30,1,16,3,cloudy,warm,activity,True,212,1,200
1008,3,edge,low_activity,30,1,19,4,cloudy,hot,activity,True,1273,2,358
1008,3,edge,low_activity,30,1,21,5,cloudy,hot,activity,True,772,0,340
1008,3,edge,low_activity,31,2,10,1,clear,warm,service,True,28,2,0
1008,3,edge,low_activity,31,2,14,2,clear,warm,shopping,True,0,2,0
1008,3,edge,low_activity,31,2,16,3,cloudy,warm,activity,True,367,2,183
1008,3,edge,low_activity,31,2,19,4,cloudy,warm,dining,True,90,1,0
1008,3,edge,low_activity,31,2,21,5,cloudy,warm,shopping,True,0,0,70
1008,3,edge,low_activity,32,3,10,1,cloudy,warm,shopping,True,0,2,0
1008,3,edge,low_activity,32,3,14,2,cloudy,warm,dining,True,226,1,0
1008,3,edge,low_activity,32,3,16,3,clear,warm,service,True,238,0,144
1008,3,edge,low_activity,32,3,19,4,clear,warm,service,False,1384,0,519
1008,3,edge,low_activity,32,3,21,5,clear,warm,service,True,99,0,142
1008,3,edge,low_activity,33,4,10,1,cloudy,mild,dining,True,201,0,73
1008,3,edge,low_activity,33,4,14,2,cloudy,warm,service,True,0,0,0
1008,3,edge,low_activity,33,4,16,3,cloudy,warm,service,True,0,1,0
1008,3,edge,low_activity,33,4,19,4,clear,warm,shopping,False,32,0,125
1008,3,edge,low_activity,33,4,21,5,clear,warm,activity,True,69,0,177
1008,3,edge,low_activity,34,5,10,1,cloudy,mild,activity,True,0,0,30
1008,3,edge,low_activity,34,5,14,2,clear,warm,service,True,904,1,148
1008,3,edge,low_activity,34,5,16,3,cloudy,hot,shopping,True,704,0,32
1008,3,edge,low_activity,34,5,19,4,cloudy,warm,shopping,True,57,1,42
1008,3,edge,low_activity,34,5,21,5,clear,hot,activity,True,0,2,0
1008,3,edge,low_activity,35,6,10,1,cloudy,mild,activity,False,0,0,0
1008,3,edge,low_activity,35,6,14,2,cloudy,warm,activity,True,400,2,640
1008,3,edge,low_activity,35,6,16,3,cloudy,warm,activity,False,488,0,914
1008,3,edge,low_activity,35,6,19,4,cloudy,warm,activity,True,219,0,203
1008,3,edge,low_activity,35,6,21,5,cloudy,warm,activity,True,111,0,193
1008,3,edge,low_activity,36,0,10,1,clear,mild,shopping,True,0,1,0
1008,3,edge,low_activity,36,0,14,2,clear,warm,dining,True,189,1,105
1008,3,edge,low_activity,36,0,16,3,clear,warm,activity,False,705,0,969
1008,3,edge,low_activity,36,0,19,4,clear,mild,dining,True,144,0,158
1008,3,edge,low_activity,36,0,21,5,clear,mild,service,False,0,0,378
1008,3,edge,low_activity,37,1,10,1,cloudy,mild,shopping,True,0,0,18
1008,3,edge,low_activity,37,1,14,2,cloudy,mild,dining,True,21,1,0
1008,3,edge,low_activity,37,1,16,3,cloudy,mild,dining,True,0,2,0
1008,3,edge,low_activity,37,1,19,4,cloudy,mild,work,False,74,0,251
1008,3,edge,low_activity,37,1,21,5,cloudy,warm,work,True,152,0,120
1008,3,edge,low_activity,38,2,10,1,clear,mild,activity,True,112,2,125
1008,3,edge,low_activity,38,2,14,2,cloudy,mild,dining,True,198,2,89
1008,3,edge,low_activity,38,2,16,3,cloudy,warm,service,True,1327,0,34
1008,3,edge,low_activity,38,2,19,4,cloudy,cool,service,False,0,0,29
1008,3,edge,low_activity,38,2,21,5,cloudy,mild,shopping,True,0,1,0
